{"type":"FeatureCollection","name":"DISTRITO","crs":{"type":"name","properties":{"name":"urn:ogc:def:crs:OGC:1.3:CRS84"}},"features":[{"type":"Feature","properties":{"OBJECTID":1,"PROV_ID":"09","DIST_ID":"10","CORR_ID":"12","CODIGO":"091012","CORR_NOMB":"URRACA","SHAPE_Leng":65903.2787299,"CORR_FEAC":"2008-12-31T00:00:00","ID1":12,"CORR_LEY":"LEY 53 DEL 22 DE NOVIEMBRE DE 2002","Shape_Length":65870.11746855367,"Shape_Area":73958881.95717272},"geometry":{"type":"MultiPolygon","coordinates":[[[[-80.88860577449006,8.103364877989494],[-80.88908345302794,8.10368513718132],[-80.89033770000688,8.104110956404012],[-80.89087016971816,8.104523618004086],[-80.8912998359574,8.104512967713559],[-80.8916912911268,8.104935235849128],[-80.89255201016657,8.10512718547005],[-80.89281320221941,8.106636721624422],[-80.89366818921518,8.107304292048475],[-80.89388978184914,8.107829278666971],[-80.89467353792092,8.107777709142683],[-80.89489684018092,8.10849576173295],[-80.89571277438178,8.108911549232904],[-80.89589594902331,8.109344398409881],[-80.89639963470897,8.10944896418691],[-80.89667890493025,8.10916675693872],[-80.89704501851097,8.109078363865223],[-80.89731685419491,8.109436106567825],[-80.89823117301377,8.109808159887887],[-80.89862648469504,8.109740893913354],[-80.89913724000273,8.110321820828636],[-80.89959856112412,8.110265906059418],[-80.89974511624216,8.10999072851435],[-80.90001686365602,8.110041905921957],[-80.90093865048644,8.110988158364204],[-80.90145229523597,8.111252757720758],[-80.90165076403075,8.111638896221516],[-80.90195350666511,8.111436567247168],[-80.90226064895418,8.111522109178143],[-80.90258023085559,8.111221296448988],[-80.90308211346898,8.111435808773361],[-80.90339065767779,8.11103768769469],[-80.90351530637922,8.110528962522189],[-80.90416431895244,8.110687646073357],[-80.90457835749733,8.110214837603237],[-80.90534114133018,8.11001146836156],[-80.90561583270215,8.110084040748024],[-80.905877377848,8.109849235891078],[-80.90640407582467,8.109903337078455],[-80.9068334091698,8.110329620234833],[-80.90720149355867,8.110112993173026],[-80.9076931809924,8.110296627962567],[-80.90864854917541,8.110005558410437],[-80.90942086147925,8.11025207217531],[-80.91107374682625,8.11011297184515],[-80.91170989038609,8.11044810102366],[-80.91191802198038,8.122885997516986],[-80.91250200126659,8.122437521480736],[-80.91290515238559,8.12274834768178],[-80.91308021330104,8.122462321489964],[-80.91378181141683,8.122361070795199],[-80.91423150254342,8.122456767608904],[-80.91478286383088,8.12201070557311],[-80.91545496386067,8.122237706663123],[-80.91553904257465,8.123165565315773],[-80.91598212132786,8.124204359730918],[-80.91635744493034,8.123906903756708],[-80.91696677636426,8.124018776551004],[-80.91771855447296,8.123921138481732],[-80.91788818747854,8.12379832594387],[-80.91795267061666,8.12340333141902],[-80.91847119823643,8.123670368080068],[-80.91864708887135,8.12348382194609],[-80.91863262892863,8.123167941464828],[-80.91885343475555,8.12301935004842],[-80.91959749907438,8.12326595120339],[-80.9196753726986,8.122899696549934],[-80.92010792484692,8.123057815485065],[-80.92075169032805,8.122869758964022],[-80.92102498916302,8.12295098633949],[-80.92124224886581,8.123340473042747],[-80.92162107921621,8.123191132760573],[-80.922014309734,8.123726592873313],[-80.92216214649171,8.123700416392943],[-80.92223510153971,8.123363096823406],[-80.9228397465632,8.123398009938771],[-80.9230243875365,8.123534387608878],[-80.92312656685108,8.124027141996205],[-80.92379242312501,8.123760714706394],[-80.92420028593278,8.12397703242293],[-80.92487102757613,8.123989540107988],[-80.92518307637104,8.124230596651552],[-80.9252727703327,8.124073818577612],[-80.92513017263528,8.123700340176752],[-80.92525111001335,8.123446980084001],[-80.92567458166155,8.123292813921468],[-80.92650154646847,8.123425851467456],[-80.92726075460031,8.123081508395774],[-80.92799151262723,8.123302285078474],[-80.92798065859134,8.122932783815374],[-80.92834583893809,8.122499668659186],[-80.92841466307395,8.12198271273105],[-80.92911098269963,8.12172746223889],[-80.92942531160438,8.121755376989611],[-80.9296548256128,8.121561644154465],[-80.93006082600841,8.121687907813863],[-80.92996839774771,8.121346542110658],[-80.93013603220429,8.12115274407114],[-80.93099812403096,8.121066171984141],[-80.93124740005027,8.12075298678295],[-80.9316677433595,8.12076421970856],[-80.931887175971,8.120325604261732],[-80.9323880618492,8.12027411035629],[-80.93242982953095,8.11992610995773],[-80.93283755344447,8.119945462428898],[-80.93336254286994,8.119537397863484],[-80.93368830460925,8.11947277576482],[-80.9339252197239,8.119238816358706],[-80.93393550152494,8.11892135730503],[-80.93447847774442,8.11874724689132],[-80.93475228364072,8.118892869079337],[-80.93489632491632,8.119478578957699],[-80.9348330056494,8.11979894219521],[-80.93540069675313,8.120211389691677],[-80.93523912715861,8.12069831017595],[-80.93569004695534,8.121365713085481],[-80.93606958174834,8.12148113912489],[-80.93670951272497,8.12142998736662],[-80.93728252174336,8.121995048658839],[-80.93839118256572,8.122352496975585],[-80.93877538257215,8.12278189033982],[-80.94032245648062,8.129762290685095],[-80.94236125829333,8.137280664021171],[-80.94110999790949,8.140688782900794],[-80.94081052413746,8.145100775766295],[-80.93370363760629,8.148199127367626],[-80.93870149853444,8.149570094194061],[-80.93842352031805,8.150224482830172],[-80.93809975571732,8.150474491393327],[-80.93827566517388,8.150669006933157],[-80.9384712065854,8.152092911337695],[-80.93801313488409,8.15268088020143],[-80.93809808197963,8.15314194137246],[-80.93770121679567,8.15319296403876],[-80.93752322484056,8.15367189849859],[-80.9375753868379,8.15432515398205],[-80.93777974079913,8.154694911283315],[-80.93796250653229,8.154784340302774],[-80.93816924658,8.154653012513302],[-80.93833036200344,8.15498221838081],[-80.93801107693801,8.155233219756902],[-80.93809237370141,8.15546805104441],[-80.93790056959263,8.15557889215726],[-80.93787547749797,8.155871249088241],[-80.93725354469107,8.156217384410045],[-80.93766219317904,8.157697023812322],[-80.93684624057164,8.158597724060154],[-80.937038438138,8.159005945671543],[-80.93665971651069,8.159600311163413],[-80.93671187199105,8.160192406466356],[-80.93685750040952,8.160428565012996],[-80.9374250986684,8.1602939369717],[-80.93828135866991,8.160762110315131],[-80.94024338618024,8.16290587250165],[-80.94058549686308,8.163494286815839],[-80.94079624923613,8.164190543531989],[-80.94099140303855,8.166249215736727],[-80.94071498898315,8.166424765225871],[-80.94055873788604,8.165994953756591],[-80.94014170650237,8.166943539299876],[-80.94070235714793,8.168101152315439],[-80.94069316108279,8.168395147904821],[-80.94088157895496,8.168561872722085],[-80.94067637675639,8.168939485844204],[-80.94089005050198,8.169137552403646],[-80.94101095122197,8.169933946291891],[-80.94124777834482,8.169893683158703],[-80.94129141688211,8.170109739744635],[-80.94154179497517,8.17029575547067],[-80.94171618554012,8.170255151070952],[-80.94190961109437,8.170480348784237],[-80.94238106408622,8.1705784022013],[-80.94253424240316,8.170766016268653],[-80.94246451351617,8.17099031421965],[-80.94268845275892,8.17115301438343],[-80.94256834318853,8.171546938599754],[-80.94296095587293,8.171563505752472],[-80.94334125419626,8.171918803899871],[-80.94316568502919,8.172938567779138],[-80.94401737519321,8.17331425008504],[-80.94415218526679,8.173501866411085],[-80.94409262570646,8.173737465624482],[-80.94454418879302,8.173881206992123],[-80.94518807799494,8.176340895389655],[-80.94495952734614,8.176881517633344],[-80.94543172637843,8.177282334940902],[-80.94573931309476,8.177784836013116],[-80.94558183157959,8.179280516987628],[-80.94582810903442,8.179421820426006],[-80.94570189912639,8.179534975899454],[-80.94503099474029,8.179445178565283],[-80.94406547831652,8.17914101426344],[-80.94368423589408,8.179708995169898],[-80.94337915422469,8.179617700935523],[-80.94323626965277,8.179726952889864],[-80.94310648685187,8.180650939368789],[-80.94266221900398,8.180866005893696],[-80.94240723226879,8.180702925041661],[-80.94240322325975,8.181594063333325],[-80.94186536046385,8.18172236232388],[-80.94195794841161,8.181944938500363],[-80.94233744233529,8.182052825682634],[-80.94241021381622,8.182213173334333],[-80.94237304046952,8.182373368719507],[-80.94190995891543,8.182542657104156],[-80.9421755441489,8.182868527463642],[-80.94201953978506,8.183177176298905],[-80.94213392646026,8.183533670998115],[-80.94175414935873,8.183541054510178],[-80.94134916143244,8.183787792475322],[-80.9414084466011,8.184289773003139],[-80.94119966672872,8.184533317219264],[-80.94151655084279,8.184595134723539],[-80.94191657561691,8.184252252515366],[-80.9421665936477,8.184725275009713],[-80.94197264451132,8.184738862432578],[-80.94190647405146,8.184977876696742],[-80.94114855016743,8.185364930178606],[-80.94127704644873,8.185927562483288],[-80.941444586754,8.186079648350653],[-80.9411458921717,8.186693069416005],[-80.94157936160461,8.187159038125175],[-80.94134405578316,8.188273287899671],[-80.94082661199984,8.188688177677298],[-80.9407474165892,8.189082085248355],[-80.93998812491319,8.189843788535347],[-80.94007392085106,8.190115631081598],[-80.94068276976687,8.190603775416404],[-80.94016059953304,8.190915190690191],[-80.94042781556165,8.191309476803122],[-80.94013660161538,8.191681267440318],[-80.94007397301846,8.192049210454474],[-80.94039850114487,8.192798649899801],[-80.93975709196283,8.193716386109658],[-80.93988405716622,8.194080191879912],[-80.94056736114608,8.194732261166054],[-80.94053499738497,8.19490035909491],[-80.94026525771326,8.19502330226792],[-80.94006945902987,8.195623222603585],[-80.93981881356198,8.195624118781511],[-80.93939269438043,8.195255560020604],[-80.93915228807691,8.195215865809775],[-80.93891908346612,8.195400352581672],[-80.93872499045867,8.19587474680489],[-80.9384896490285,8.195976372940356],[-80.93787843833731,8.195537578875655],[-80.93772754478962,8.195691498527065],[-80.93778267559372,8.196203302907351],[-80.9376468467141,8.196331396432322],[-80.93717041793407,8.196144529191319],[-80.93665073293491,8.196310499980259],[-80.93638530708749,8.196137192385383],[-80.93528979711265,8.19618098269543],[-80.93476153358264,8.195795324849085],[-80.9343505002598,8.196171486054256],[-80.93424743611025,8.196917698124507],[-80.93409324969457,8.19712593656237],[-80.93356051082472,8.196955383827094],[-80.93310829610397,8.197276948489174],[-80.9326455873117,8.196842734588616],[-80.93205142579164,8.19733864729761],[-80.93116200071508,8.197205482073564],[-80.93041840606332,8.197441802810665],[-80.93019734265043,8.19765328908114],[-80.92984413124098,8.19880652754455],[-80.92932601094343,8.198748699904503],[-80.92897109823285,8.198981266863328],[-80.92851333127315,8.198763810920495],[-80.92830591428032,8.199255181333356],[-80.92799917767114,8.199039927066941],[-80.92802192642301,8.19848630017525],[-80.92752531083093,8.198445215400202],[-80.92722356657423,8.198211490613183],[-80.9269651775404,8.19843847859746],[-80.92689550503967,8.19902014688253],[-80.92653616738262,8.199223331228794],[-80.92548316647164,8.199155428232153],[-80.92480768283772,8.198659419041789],[-80.92415473685361,8.199110542123904],[-80.92375511046302,8.198910812690972],[-80.9233359055727,8.199148295890248],[-80.9224109676386,8.198638803607318],[-80.92248839524947,8.19815180830671],[-80.92311718252284,8.197776566557424],[-80.92318199091892,8.197542137800827],[-80.92277984266262,8.19679629909676],[-80.92201383749328,8.196826440440185],[-80.92126545140037,8.195500127629309],[-80.92155437392327,8.195170874915998],[-80.92189428559395,8.195464458794783],[-80.92216870152865,8.195424217927025],[-80.92222492880417,8.19469872862446],[-80.92171466534727,8.194469653165042],[-80.92118136450175,8.194672033760725],[-80.92097970071637,8.194337784475175],[-80.92038657502076,8.194369921270228],[-80.92025973782624,8.194104008551884],[-80.9204366415064,8.193787372778223],[-80.9202306515846,8.19330846364438],[-80.91923566188402,8.193100913026953],[-80.91933861626507,8.192514890918693],[-80.91829642867683,8.192052593931452],[-80.91802491464357,8.191661498196238],[-80.91731554701357,8.191312661851873],[-80.91773840638348,8.190803089920164],[-80.91749304184918,8.19046264648892],[-80.91748881179659,8.190084787776852],[-80.91722024823626,8.18987143449129],[-80.91740651391251,8.189574641314334],[-80.91716593851321,8.18933960993637],[-80.91711282853447,8.189065273712613],[-80.91782779224754,8.187653810420253],[-80.91730163786072,8.187557934174398],[-80.91768438411646,8.187011181621864],[-80.91733137732261,8.186679557131193],[-80.91701521745115,8.186927935860494],[-80.91678746604688,8.186896452394583],[-80.91652064603885,8.186056363324528],[-80.91687152724663,8.18566096987734],[-80.91697617801898,8.185237256691432],[-80.91723573005073,8.185110030343312],[-80.91718956295914,8.18449721697519],[-80.91761850239604,8.184288187133225],[-80.91723359574448,8.183768105552378],[-80.9172899787776,8.18350149662657],[-80.91764858782501,8.182851863144979],[-80.91826135732691,8.182302208770578],[-80.91751025592521,8.182238655559715],[-80.9173873179213,8.1814759340501],[-80.91803007666319,8.181121140798496],[-80.91818662120792,8.18123692010301],[-80.91819916662413,8.181540617799278],[-80.91854768811987,8.181601362467777],[-80.91876032204105,8.18137175719613],[-80.91871068779243,8.181031909990581],[-80.91846165709205,8.180726622401597],[-80.91801354386448,8.18056094454632],[-80.91783439522936,8.180191676787587],[-80.91699241819437,8.179835408278246],[-80.91696305232762,8.179618877320172],[-80.9171983194445,8.17944303922101],[-80.91682268305381,8.179012290285208],[-80.91702498590625,8.178753269721339],[-80.91699994698469,8.178492387009461],[-80.91674207304492,8.178358063080509],[-80.91669802080614,8.178134687978668],[-80.91608614287072,8.177871034437405],[-80.91553538162738,8.177815278363397],[-80.91547314220992,8.177152987076324],[-80.91488728952689,8.176942415967048],[-80.91516038954275,8.176538124735508],[-80.91443533043281,8.176434243060049],[-80.91460193382879,8.176242274688258],[-80.91528238108079,8.176201061955492],[-80.91532447830144,8.175913968562732],[-80.91498976165568,8.175800668987288],[-80.91460578715557,8.175898755816872],[-80.91436849540412,8.175220159944143],[-80.91318074565558,8.175400903759995],[-80.91310791859667,8.17498666363597],[-80.91347752843278,8.174494128563742],[-80.9133609564049,8.174213743877868],[-80.91310378725221,8.174218019674468],[-80.9127930093802,8.17456537650336],[-80.91223746152205,8.174447714103783],[-80.91175259923278,8.174548151670564],[-80.91145511837644,8.174395497768208],[-80.9110143900945,8.17371516385098],[-80.91035540738638,8.173539173553467],[-80.91000933685162,8.173783673457224],[-80.90846392794016,8.173636929402404],[-80.90825931722344,8.173955567479377],[-80.90793511213435,8.174085179560022],[-80.90715816442334,8.173633694718381],[-80.9064427185586,8.17352597022653],[-80.90600179454263,8.173761126084898],[-80.90616167102615,8.174388817204562],[-80.90608557968706,8.174618296564205],[-80.90558552120112,8.174942890615558],[-80.90492410929492,8.174810306433415],[-80.9046886224423,8.175484085653306],[-80.90447474141675,8.175692323284036],[-80.90414199798138,8.175617642979372],[-80.90399287902078,8.175245683436499],[-80.90406375576605,8.175055785303625],[-80.90456609409837,8.17471665400909],[-80.90433651143843,8.174448737322162],[-80.90396471873953,8.174380542284121],[-80.90286148592172,8.174725989220182],[-80.90268748673529,8.174967308415777],[-80.90277227141027,8.175402573024387],[-80.90234107556107,8.17578573175314],[-80.90267339051844,8.17609908070825],[-80.9026233177356,8.176271001207187],[-80.90232733805097,8.176457656225077],[-80.90146135862055,8.176527207430665],[-80.90194546750755,8.1771596364675],[-80.90178759895397,8.17765372917161],[-80.90125556475085,8.177833027175454],[-80.90027908311265,8.177492972074695],[-80.90012823733224,8.177702300205386],[-80.9001923989745,8.178276301281839],[-80.89948531312511,8.178420407531094],[-80.89917726486294,8.178756310921013],[-80.89920539910544,8.179012569530835],[-80.89999263372002,8.180175235311687],[-80.89959244943796,8.180827059641736],[-80.89982919390577,8.18147562274807],[-80.89953995439116,8.181985032879787],[-80.90004665322586,8.182599252121857],[-80.9001843579802,8.183476729247277],[-80.90039960204619,8.18358529803846],[-80.90093222179581,8.183287901210155],[-80.90129998218333,8.183359934290984],[-80.90209198546067,8.184490346386308],[-80.90188418871696,8.184974618820833],[-80.90190461320167,8.185926850138125],[-80.90152592863377,8.186450442111676],[-80.90174608762614,8.187282909493693],[-80.9016975437944,8.187935517545169],[-80.90112477205052,8.189040571621536],[-80.90059212640777,8.189415560457096],[-80.90153400827883,8.190091925650384],[-80.90145564746331,8.190478197294079],[-80.9009811522297,8.191073598767865],[-80.900647404032,8.191286160056988],[-80.90042121241318,8.191268338134382],[-80.89901421535772,8.190336700046508],[-80.89852862896066,8.189766439540547],[-80.89760881139965,8.190049897215436],[-80.89775430941647,8.190495549441371],[-80.89691892509023,8.191062923030755],[-80.89652250589447,8.191008837413522],[-80.89586918821536,8.190515698412423],[-80.89503035339743,8.19077358868524],[-80.89390070759364,8.19041690964769],[-80.8929939390147,8.19077091471414],[-80.89247214325309,8.19076140133877],[-80.89189327374369,8.191220847142839],[-80.89048800372937,8.191850825149972],[-80.89034554008214,8.192384148898656],[-80.89080772293188,8.193413254186344],[-80.88978152660239,8.193979516287584],[-80.88901974033476,8.193629548792035],[-80.88798960135891,8.192112570677798],[-80.88742537957465,8.191823168161775],[-80.88674234873939,8.192047374831905],[-80.88454113234363,8.192105701206911],[-80.88432389837315,8.192307368845864],[-80.88405437812372,8.193081715075207],[-80.88358411457706,8.19359366072818],[-80.88277361214166,8.193663376350383],[-80.88226209259498,8.193324588381024],[-80.88187119275199,8.193521496699924],[-80.88182402343682,8.19436922786488],[-80.88208577687242,8.195006053437087],[-80.88143534974196,8.195481850620132],[-80.88177393450904,8.196710169967044],[-80.88100544007348,8.197612745731087],[-80.88035634515728,8.19806279718085],[-80.87889557912156,8.19856470730023],[-80.87697337534799,8.19997367185792],[-80.87196933801398,8.204280080276755],[-80.87090866903984,8.204930523424348],[-80.8703830631114,8.205034077868735],[-80.86993287696973,8.204826569694514],[-80.86861519685702,8.203492660635293],[-80.86756547020605,8.202654297671836],[-80.86686320075107,8.201724569461879],[-80.86565660647463,8.200742315475438],[-80.86337638806529,8.196694934431745],[-80.86311015395191,8.1958140469304],[-80.86328307112998,8.194936962650154],[-80.86384657438988,8.19364393158512],[-80.86463306600086,8.192690696925801],[-80.86473105433973,8.19160889911075],[-80.86453768819986,8.19064974208789],[-80.86414015203182,8.189760413153502],[-80.86260056761154,8.187979275331738],[-80.86183069691904,8.187369442746734],[-80.861092055236,8.187147950393824],[-80.85893770232977,8.187153045119935],[-80.85725989302128,8.186762141896958],[-80.85638675108386,8.186762762200818],[-80.85543934973458,8.186435776911907],[-80.85418294512094,8.186312659054936],[-80.8527513148306,8.185915628092431],[-80.85050930935327,8.18572955922419],[-80.84914242609622,8.184966216303144],[-80.84812113961573,8.18373438892373],[-80.84807956063156,8.18344706200333],[-80.84833108948814,8.182797972336884],[-80.84887837500438,8.181953342075394],[-80.84938097496646,8.179035596093607],[-80.84937379470739,8.178351427621529],[-80.86343693790609,8.161886287526638],[-80.86286397842946,8.16161967807316],[-80.86238204094053,8.161079589438748],[-80.86140595979606,8.161085062928022],[-80.86039730059626,8.160213448167694],[-80.86032100374332,8.159809835263719],[-80.85955655590784,8.15840684483014],[-80.85901380062194,8.157967794249522],[-80.85898316190121,8.157459102306404],[-80.8587709988621,8.15717990005739],[-80.8588282021983,8.156700148879555],[-80.85853724715002,8.156585028996313],[-80.8579406448435,8.15690782457819],[-80.85760193934779,8.156807040618434],[-80.857500266844,8.156354284233279],[-80.85778516797193,8.155840842880844],[-80.85729553786837,8.155638910937812],[-80.85643537160958,8.154964816438456],[-80.85624129205516,8.15449005828586],[-80.85629929574995,8.153725955593993],[-80.85597897630973,8.15343163929113],[-80.85607603249177,8.152941387268198],[-80.85584521545853,8.152314111228183],[-80.85624489019435,8.15195655856423],[-80.85598823043759,8.151418772815388],[-80.85603654459008,8.150181861308065],[-80.85537244454045,8.149149942365929],[-80.85555167482768,8.148812085911333],[-80.85650068726235,8.148018501690782],[-80.85612515417259,8.147238281762677],[-80.85664063717527,8.146817039774591],[-80.85670834982044,8.146561625271172],[-80.85618997901548,8.14556025666659],[-80.85683404588089,8.144222452382866],[-80.85787955498134,8.14396646232934],[-80.85822335285043,8.143668461256734],[-80.85856956574298,8.143158416947475],[-80.85859792777217,8.142773334270506],[-80.85892380247871,8.142139715149206],[-80.85831496800557,8.140572316608653],[-80.85868414600414,8.137819311098793],[-80.85854240976462,8.13740450992481],[-80.8587464687459,8.136968858071826],[-80.8582581983954,8.13660312359024],[-80.85825048035404,8.135330472477543],[-80.8589701013366,8.135418520012465],[-80.86032533017708,8.134593761002465],[-80.86051052121574,8.134677491584506],[-80.86088320352582,8.135306332798885],[-80.86204769146511,8.135608425172256],[-80.862630259384,8.135472534374768],[-80.8632844348662,8.134909775844866],[-80.8635181751152,8.135035434488216],[-80.86365181842305,8.135458824525578],[-80.86388670176636,8.135560840295524],[-80.8646612022784,8.134880871524386],[-80.86489271903271,8.134849125700496],[-80.86505010820267,8.135102661931334],[-80.86532333565671,8.135175319870445],[-80.86567062586263,8.13490844420058],[-80.86635128771735,8.135280688961327],[-80.8666092296071,8.135579620698534],[-80.86710943888195,8.135631027203216],[-80.86764223953695,8.135993972443833],[-80.86828737572284,8.136744430644331],[-80.86818557453103,8.137179648484267],[-80.8686084266898,8.137456265709323],[-80.86929268487565,8.138475457811113],[-80.87009616508426,8.138307695967736],[-80.87087260504023,8.138736408508837],[-80.87181855285537,8.138793836634209],[-80.87246430808374,8.139459822778816],[-80.87248793577874,8.139902862888592],[-80.87270674198042,8.140206752615681],[-80.87389225757515,8.140861505345907],[-80.87581536478916,8.141207466820584],[-80.8770375988785,8.141119549570853],[-80.87738398683268,8.14180260190914],[-80.87831496173587,8.141894609420744],[-80.87985902589254,8.142691730233386],[-80.88084824914066,8.14433797565214],[-80.89108583646505,8.133747084150249],[-80.89133700498917,8.132933960055563],[-80.89112311025363,8.132636800410614],[-80.89130731068315,8.132233729754178],[-80.89127864476863,8.131749795229075],[-80.89150807198305,8.131444049638905],[-80.89208758712282,8.131186490005637],[-80.89222416045368,8.130991151086562],[-80.89222553103933,8.12931516306848],[-80.8923896011735,8.12824622774962],[-80.89283727797962,8.12762490142358],[-80.89217347173071,8.12734624270094],[-80.89179590399874,8.126208309351181],[-80.891828052452,8.125220511343029],[-80.89157665756697,8.124927649358643],[-80.89075930501647,8.125320766298165],[-80.89006830956328,8.125475438819857],[-80.88744381607049,8.127014811145962],[-80.88685236626755,8.127036769570488],[-80.88644066498686,8.12684878018798],[-80.88631165695442,8.126673942940668],[-80.88636257776871,8.126122322116457],[-80.88603061220101,8.125667879234697],[-80.8857313189414,8.125599159967873],[-80.88454534243085,8.12615141080781],[-80.88427594662087,8.126444795877214],[-80.88350580072726,8.12640906438218],[-80.88299978551066,8.127244635563006],[-80.88219594086743,8.126794084267168],[-80.88158376168289,8.12681821170062],[-80.87953148256169,8.12779582236006],[-80.87887821498464,8.127844680141973],[-80.87807802472501,8.128172962840843],[-80.87773855846802,8.128005387521062],[-80.87727082886312,8.127289450839069],[-80.8766114655087,8.126794801090305],[-80.87668396922015,8.126040223059183],[-80.87651360498688,8.12546213093322],[-80.87598812488112,8.126088042999706],[-80.87482565216422,8.126260075644586],[-80.87450555806821,8.12645152223532],[-80.87343408966274,8.126551595037233],[-80.87292541983763,8.126084531530084],[-80.87243621084112,8.126164125138807],[-80.87201074301349,8.125883212650661],[-80.87137687235405,8.126051571551091],[-80.87115585850297,8.126349411656122],[-80.87159893060081,8.127150228380899],[-80.87107618394884,8.127366533913678],[-80.8706374077313,8.127141963668846],[-80.87010250582614,8.126300731273373],[-80.86898770772467,8.126425168733036],[-80.8687034208269,8.126306135395192],[-80.86810778778474,8.124846134088905],[-80.86803709423958,8.124348781846612],[-80.8670747132041,8.124900490419412],[-80.86672390106209,8.125334005781184],[-80.8664209855515,8.12538770439067],[-80.86629369628011,8.125225675300717],[-80.86622950019283,8.124367635686674],[-80.86553024638701,8.124184145653366],[-80.86575744437337,8.123518493580336],[-80.8653649417926,8.123245034044876],[-80.86527326073217,8.122745404886986],[-80.86473558012646,8.122210284313079],[-80.86476244775733,8.121732592608145],[-80.86385996081545,8.121497415982484],[-80.86382381736097,8.121290032736523],[-80.86414539149719,8.12110769023629],[-80.86415132449409,8.120918137930392],[-80.86301211236373,8.120268012327344],[-80.86284863390912,8.119827218259585],[-80.86247838345395,8.119541989885093],[-80.86244310289216,8.119178101065547],[-80.86281177943859,8.119063549633472],[-80.86291702721579,8.1188664778177],[-80.86268587882346,8.118601973500038],[-80.86271860895668,8.118225198817292],[-80.86234399042046,8.117515792964808],[-80.86289616467668,8.117240820364335],[-80.86308383726947,8.116600809230105],[-80.86402249837231,8.116172360836078],[-80.86404626277357,8.115713914072838],[-80.86356738893788,8.115368530536845],[-80.86356203886201,8.115180404499778],[-80.86455048208086,8.115051794728464],[-80.86468398851311,8.114376553376545],[-80.86541369643598,8.114170182806205],[-80.86560689814142,8.113537323508888],[-80.86638615092446,8.113660319769501],[-80.86654452041213,8.112934793890895],[-80.86741355293081,8.113486328234574],[-80.86781527691697,8.113465707544599],[-80.86815307239489,8.113256322765096],[-80.86817265968192,8.112815933569868],[-80.86763815432018,8.112505221662955],[-80.86773802956637,8.112334147059173],[-80.86813317182423,8.112276641853372],[-80.8682559940257,8.112036543044667],[-80.86822189629461,8.111828032760352],[-80.86789596854442,8.11156973299126],[-80.86793779850521,8.11067473500596],[-80.86839225582163,8.110368930343911],[-80.86892760153613,8.11060050441168],[-80.86907316224038,8.110071354282617],[-80.86963839732462,8.110040858624815],[-80.86989775221586,8.108726221191842],[-80.8703155600042,8.108592711832598],[-80.87019804648683,8.108122124734065],[-80.87052898577858,8.1074620000761],[-80.87082563623723,8.107163214180451],[-80.87121328275333,8.107265765176813],[-80.87107798130029,8.107001328318857],[-80.87114850257103,8.106859689273492],[-80.87173089463636,8.106766122795879],[-80.8723965439987,8.106363331774311],[-80.87295367920115,8.106392983185112],[-80.873522508059,8.107030306869616],[-80.87379338169178,8.107141327362607],[-80.87454713419693,8.107048270286041],[-80.87497278596904,8.10672579468007],[-80.87527997004031,8.106777343109417],[-80.87536491338359,8.10658988690543],[-80.87521136073602,8.10633634650929],[-80.87586507447033,8.10602555769857],[-80.8754194539279,8.105449119345678],[-80.87542597134032,8.104917111914633],[-80.87564947443386,8.104879346473549],[-80.87586493814686,8.10543095347013],[-80.87621056472855,8.105689129909068],[-80.87639909444026,8.105668847417355],[-80.87646666592876,8.105379928796413],[-80.8761976563509,8.104864518557413],[-80.8766054505072,8.104744531645208],[-80.87700632594597,8.104837264068099],[-80.87703085449047,8.103801766605695],[-80.87722683626103,8.103601673412344],[-80.87770362010824,8.10381334630739],[-80.87809549308143,8.103810837718585],[-80.87793314496682,8.104431702242893],[-80.8780462742778,8.10463992704698],[-80.87834314860062,8.104715940832751],[-80.87837568306196,8.104303109923086],[-80.87855402929526,8.10416915687135],[-80.87879504620695,8.104580450051063],[-80.87937699788996,8.10498604229951],[-80.87970071697865,8.105029712757196],[-80.88007324246256,8.104799282823395],[-80.88073134198308,8.105263314025747],[-80.88068330651072,8.105402391550022],[-80.87998740483359,8.105492292157189],[-80.88001781374345,8.105750328186641],[-80.88114711672313,8.105655942701116],[-80.88148529819478,8.106026783155562],[-80.88183025660705,8.10557486933775],[-80.88264572373247,8.10579951529017],[-80.88325804098469,8.105488152642454],[-80.88325409147075,8.105016538677667],[-80.8838549612645,8.104578496969062],[-80.88339210911352,8.104056726850716],[-80.88334351686896,8.10376899219142],[-80.88374227051433,8.103666770797952],[-80.88410356294472,8.103939938890317],[-80.884643088199,8.103764473646969],[-80.88545821359168,8.102555214465276],[-80.88644066017936,8.102636341375602],[-80.88699604169838,8.103358575511184],[-80.88708986801285,8.102593884762817],[-80.88736313776667,8.102542152256433],[-80.88779552496341,8.103062401690343],[-80.88787588214561,8.103689557689181],[-80.88820075303326,8.103345242479007],[-80.88860577449006,8.103364877989494]]]]}},{"type":"Feature","properties":{"OBJECTID":2,"PROV_ID":"09","DIST_ID":"10","CORR_ID":"15","CODIGO":"091015","CORR_NOMB":"SANTIAGO ESTE","SHAPE_Leng":38100.7420122,"CORR_FEAC":"2017-07-03T00:00:00","ID1":36,"CORR_LEY":"LEY 68 DEL 30 DE OCTUBRE DEL 2017.","Shape_Length":38101.00637344265,"Shape_Area":29160184.077212077},"geometry":{"type":"MultiPolygon","coordinates":[[[[-80.78198367117471,8.172747924386018],[-80.77412144658716,8.1835805124497],[-80.77169381330971,8.182945829334091],[-80.77113519063832,8.182558933527206],[-80.77079134435485,8.181896850242673],[-80.77012476265921,8.178384047059298],[-80.76938916888109,8.177659551578063],[-80.76858815271471,8.177287770956267],[-80.76820635608708,8.177465923990116],[-80.76758253892119,8.178104471646881],[-80.7671939449589,8.179349899533602],[-80.76656192999454,8.179900952675762],[-80.7632405540681,8.180726413314112],[-80.76122203824693,8.180532580422344],[-80.75957276658292,8.180762540633578],[-80.75916166923659,8.180998454878697],[-80.75642682742614,8.183634539616719],[-80.75552417718616,8.184182189525952],[-80.75386416736195,8.184688187445115],[-80.75220573946307,8.184521486337474],[-80.74961187662316,8.18452419332506],[-80.74730273479237,8.186097069729156],[-80.74676374394025,8.186223068130586],[-80.74617583645792,8.186109780981312],[-80.74570611939029,8.185774621692428],[-80.74422738354542,8.183973167799229],[-80.74294760259484,8.182749902426202],[-80.74118893749099,8.182150208608988],[-80.73897490675778,8.181804096482688],[-80.7365540085778,8.179684555519104],[-80.73617517297329,8.1793230747415],[-80.7353024294624,8.177885096160086],[-80.73484617824829,8.17682421253321],[-80.73436072619694,8.174973159772836],[-80.73397596508603,8.17449263592148],[-80.73095825296828,8.173911292945924],[-80.72988364104327,8.173523976221764],[-80.72619429510333,8.170891251491675],[-80.72192500597183,8.169103266438453],[-80.71854269296789,8.166908226260814],[-80.71585786625236,8.165638569108063],[-80.71495330215657,8.165024977146999],[-80.71474631507388,8.164643942469167],[-80.71480424278859,8.164205348705],[-80.71564049029242,8.163581026314882],[-80.71667913254635,8.16323319623286],[-80.71943256340178,8.162796416053752],[-80.71999561346344,8.162596797958422],[-80.72033895710047,8.162292902440274],[-80.72070282212451,8.161552176902996],[-80.72069784278781,8.160855582493113],[-80.7204295997599,8.159980589877007],[-80.71968687391133,8.1590492420091],[-80.71638974918486,8.157079050572667],[-80.71439600534661,8.155223799557072],[-80.71074331300532,8.152641720928038],[-80.71013652907858,8.152581366520279],[-80.70979238453891,8.15273353491764],[-80.70922800069714,8.153215462484468],[-80.70795517600831,8.154943705403278],[-80.70702284532392,8.155503754294363],[-80.70630745374108,8.155710332145388],[-80.70511162009198,8.15589107682834],[-80.70404029868273,8.155824209602624],[-80.70321814618873,8.155577682068618],[-80.70176670740102,8.154861460151501],[-80.70104199698332,8.154349619773782],[-80.70047422735499,8.15369961941949],[-80.70030910867428,8.152757113078852],[-80.70052094912802,8.151907968386848],[-80.70236041401589,8.14803959763991],[-80.70233477335925,8.147454691572575],[-80.70206255673305,8.146933827547308],[-80.70066487526253,8.145824803394765],[-80.6983989660357,8.14490718255285],[-80.69738228589175,8.144311381611672],[-80.69538417575372,8.141006602774512],[-80.69456105699845,8.139911613392782],[-80.69408055051447,8.139602225748916],[-80.69304013804283,8.139305919480854],[-80.69019178987136,8.139433201203987],[-80.68904433135191,8.13932317291918],[-80.68491144479358,8.137835382308394],[-80.68514250122062,8.137650764743803],[-80.68533480874561,8.137076274595284],[-80.68563799069287,8.136975692435493],[-80.68854027337042,8.137333784392375],[-80.69011605726268,8.136956131637389],[-80.69191119167594,8.137224116477958],[-80.69238236732811,8.137151657443587],[-80.69263101266135,8.136954395225748],[-80.69253632774945,8.136582037937284],[-80.69156930649761,8.136400096358335],[-80.6912580910107,8.136104512447528],[-80.69100330989392,8.13537890563286],[-80.69098660569288,8.134763825130236],[-80.69142467727796,8.134459681002546],[-80.692489319536,8.134682551876447],[-80.69330291032935,8.1346130787214],[-80.69415162480892,8.133324428390347],[-80.69436284875451,8.133552118172613],[-80.69481132306362,8.135481134494894],[-80.69532628395977,8.135831439329234],[-80.6986335098769,8.135538784356811],[-80.70014373830924,8.135189124813625],[-80.70042337754342,8.134939890395783],[-80.70018364031148,8.134291668530132],[-80.70009441856278,8.13328708481113],[-80.70026571588967,8.1325697229199],[-80.70072485132624,8.133172704018305],[-80.70201410215901,8.133196405895275],[-80.70244147903401,8.133075927957918],[-80.70297376111724,8.132393408452426],[-80.70296717940269,8.131207692005427],[-80.70345651540805,8.130784512944416],[-80.70393872166242,8.130817295705615],[-80.70432550775276,8.131298576135803],[-80.70447661538518,8.132063771374558],[-80.70513465533632,8.133227059082138],[-80.70517736161716,8.133774779654294],[-80.70499081975483,8.134196532524301],[-80.70538615077449,8.13446321479562],[-80.70567878947321,8.133537247816875],[-80.70626920208336,8.132567322726702],[-80.706472769822,8.131325642968346],[-80.7069141340738,8.13112428920861],[-80.707126919999,8.131285946957231],[-80.70730119721205,8.131928671796091],[-80.70726315063358,8.132739600855738],[-80.70784839782266,8.132296400240579],[-80.70854489646963,8.13217950205352],[-80.70948484686838,8.133145153627924],[-80.70997888677341,8.132670702535252],[-80.71021475930968,8.132666774121954],[-80.71033992376408,8.132837567827083],[-80.71019249376329,8.13359174369605],[-80.71049668874502,8.134001050642036],[-80.71073725144002,8.133895798905812],[-80.71142033005444,8.133059691417074],[-80.7117243338688,8.133065647361763],[-80.71187123573328,8.133934340932937],[-80.71239063057492,8.135270828854706],[-80.71227541985805,8.135836745012327],[-80.7123835155216,8.135993058849554],[-80.71321244400933,8.13629405199582],[-80.71355970445045,8.136271502612727],[-80.71400372696664,8.135921634196265],[-80.71423163287638,8.134898196105036],[-80.71440942999625,8.134639926086027],[-80.71467640759512,8.134543215839901],[-80.71549942330499,8.134730371188478],[-80.7157234884052,8.135191451983156],[-80.71571402479897,8.135556637477878],[-80.71490760812942,8.136255663390518],[-80.71508288562919,8.136894387876044],[-80.71536717204577,8.13727173361956],[-80.71561374021145,8.137285012171985],[-80.71585416353457,8.137046223928882],[-80.71586240976217,8.136369239514638],[-80.7160695204068,8.136251268750078],[-80.71755738769592,8.136584434406117],[-80.7186226682263,8.137154171980537],[-80.71962612762744,8.137463389545518],[-80.72026204791432,8.137944597645618],[-80.72065090419677,8.13806371172895],[-80.72060171649483,8.138814082475452],[-80.72165584617957,8.139418634876652],[-80.72202466164389,8.140260052637924],[-80.72266347805105,8.140656263226603],[-80.7236554264311,8.13948482151425],[-80.72393866817299,8.139336856071479],[-80.72429780412294,8.139440693287508],[-80.72415221538981,8.139977321706153],[-80.72430552931795,8.140179831824657],[-80.7256147961242,8.14039685643557],[-80.72619150138908,8.139352520957575],[-80.72635658324693,8.139390562270115],[-80.72649655198703,8.139785013982173],[-80.72672097400326,8.139888166766287],[-80.72757171185984,8.139787234589184],[-80.72818833240169,8.139348547257752],[-80.7282439921478,8.13893602768471],[-80.72781514810279,8.138974248561347],[-80.72736108247251,8.138798599944863],[-80.7272191725205,8.138557002590934],[-80.72730024615012,8.138297859457147],[-80.72798878488176,8.13835375947399],[-80.72857681410389,8.138225462209515],[-80.72934415519663,8.138388425039661],[-80.73007251422322,8.138057002499234],[-80.73056039844208,8.138134758642588],[-80.73078200268941,8.138484540918551],[-80.73016880454804,8.138988683480225],[-80.73038937801182,8.140061610291205],[-80.73073465722452,8.13989582833072],[-80.73100070087804,8.139100793108595],[-80.73134754658624,8.139100058453678],[-80.73147454474599,8.139384180562587],[-80.73139939782158,8.140378704762991],[-80.73070529363635,8.140547750329384],[-80.73063789884576,8.14114238338991],[-80.7322310233892,8.143303158393339],[-80.73201383802935,8.14345293887735],[-80.73176641378838,8.14327865340695],[-80.7312405808133,8.142714622822915],[-80.73089625048836,8.14208387189605],[-80.73007343732809,8.142934367918366],[-80.7300218561425,8.143173815849766],[-80.73020788515258,8.14361523807133],[-80.73115715574352,8.144730688326451],[-80.73191892419094,8.144636781811222],[-80.73217765423463,8.144769237906694],[-80.73240144158137,8.145313756375877],[-80.73203692491985,8.145825790906336],[-80.73242450639566,8.146361624451005],[-80.73268386839626,8.146274112959459],[-80.73338017401181,8.14492392078787],[-80.73371036871912,8.144669744860932],[-80.73398404155147,8.144725978648198],[-80.73409615921065,8.144994144091214],[-80.73358970515052,8.14545974932398],[-80.73363057843936,8.145662440952583],[-80.73423596017322,8.145654511578577],[-80.73465777820024,8.145826292838057],[-80.73493509383638,8.145540426076312],[-80.73515255090135,8.144734337371618],[-80.73461562110852,8.143991099965872],[-80.73420600335734,8.143917209647663],[-80.73369096063716,8.144283967697527],[-80.73312817601244,8.14444923552311],[-80.73276393918636,8.14431053799665],[-80.73250775658548,8.143934360300038],[-80.73270959932887,8.143621339863667],[-80.7337200819994,8.14346448204399],[-80.7340566300816,8.142677103692424],[-80.73431034297624,8.1424286742638],[-80.7345637696635,8.142418662160697],[-80.73461420269457,8.143217075371078],[-80.73492954371864,8.143430345744319],[-80.73511671580309,8.143279078727321],[-80.73509672716543,8.142741489562516],[-80.73544187509317,8.14240309926011],[-80.73595964378302,8.142642833668006],[-80.73667961303265,8.14257313705183],[-80.73687579334377,8.14318284996863],[-80.7366828695083,8.143952360740593],[-80.73700969453698,8.144198959335782],[-80.73757549002066,8.143664591410792],[-80.73776985093197,8.142840468570276],[-80.7388300735163,8.142477374998187],[-80.73898627612537,8.142660402401836],[-80.7386208023447,8.143372819048082],[-80.73876651745839,8.14363628142879],[-80.73915172571611,8.143099467559335],[-80.74003798255836,8.14280109010331],[-80.74012380278286,8.14295465726875],[-80.73989434900724,8.143241402389155],[-80.7399097667961,8.143439096789583],[-80.74042878049754,8.143756417856492],[-80.74106235896257,8.143662517886186],[-80.74153012611409,8.143222844048186],[-80.74191790713449,8.143520183393713],[-80.7421920302022,8.144065452521206],[-80.74255756592824,8.14424925644999],[-80.74323902120743,8.144207720157235],[-80.74410051973128,8.143854670361822],[-80.74452731705234,8.144276599749652],[-80.74482908649864,8.144266987076202],[-80.74543432710706,8.144626202835552],[-80.74614968588335,8.14463523136442],[-80.74626859873995,8.14508411517572],[-80.74671006732227,8.1449038148134],[-80.7476106415781,8.145129526855179],[-80.74827871540539,8.144866351417068],[-80.74922687360119,8.145235155172642],[-80.75036679795411,8.145967250564594],[-80.75131232003665,8.145674284127145],[-80.7516942440532,8.145722552729744],[-80.75212726855054,8.146298297162364],[-80.75283697340024,8.148001797651354],[-80.75489109999323,8.148410395723932],[-80.75569661718382,8.149096996691961],[-80.75620990681311,8.149765026742148],[-80.75651667424442,8.149860147096794],[-80.75660358177666,8.15009606372608],[-80.75781007694565,8.149334388134815],[-80.75829120467927,8.149324266559912],[-80.75884395693748,8.149656247349611],[-80.75876862051142,8.149973414245421],[-80.75834160885604,8.150414892659098],[-80.75839559778133,8.150982480877616],[-80.75880144400492,8.151634134882835],[-80.75921234165189,8.15160400548749],[-80.75975103079638,8.151339675272187],[-80.76001023215984,8.151394671975007],[-80.7602424571516,8.151675296667952],[-80.76021724294141,8.152264760308277],[-80.76106219740501,8.152414585246149],[-80.76186207709,8.152925907156295],[-80.76220358861146,8.153323191195721],[-80.76265018132682,8.154262297824136],[-80.76298706117589,8.154524308919045],[-80.76332366976554,8.154549046687539],[-80.76521288726245,8.154063858466104],[-80.76548629142806,8.154183182791842],[-80.76581542027833,8.15469700416156],[-80.7660469606723,8.154810102400099],[-80.76712079507925,8.15440912606658],[-80.76782678801005,8.15395883239292],[-80.76951530077685,8.15417881522108],[-80.77023749485545,8.153923823331889],[-80.77188936685458,8.154533711692398],[-80.77354094339728,8.156295675487993],[-80.77390405096675,8.156260571234043],[-80.77443842897874,8.155947615321827],[-80.7752799410839,8.156294514125424],[-80.77602943352063,8.15608236166071],[-80.77662216867306,8.156511987053785],[-80.77682615902005,8.156491059789506],[-80.77746947115195,8.157892874529779],[-80.77751671067715,8.160777090756246],[-80.77786282017941,8.161742285612425],[-80.77819334758415,8.1621748738716],[-80.77840027515553,8.163615903951705],[-80.77863159670103,8.164008887386176],[-80.77878639453971,8.164737533236979],[-80.77909856710441,8.16517431506439],[-80.77937822974549,8.166257843377954],[-80.77927197986254,8.16699076714987],[-80.77885634951257,8.167322754874851],[-80.7788984618706,8.16773409189852],[-80.77984112726966,8.169001504800894],[-80.7798634310406,8.16934691519699],[-80.78287226442406,8.169712106836222],[-80.78198367117471,8.172747924386018]]]]}},{"type":"Feature","properties":{"OBJECTID":3,"PROV_ID":"09","DIST_ID":"10","CORR_ID":"01","CODIGO":"091001","CORR_NOMB":"SANTIAGO (CABECERA)","SHAPE_Leng":30512.1463191,"CORR_FEAC":"2019-07-01T00:00:00","ID1":9,"CORR_LEY":"LEY No.53  DEL 22 DE NOVIEMBRE DEL 2002.","Shape_Length":30508.77139707715,"Shape_Area":28647829.464413006},"geometry":{"type":"MultiPolygon","coordinates":[[[[-80.97435031306411,8.113710993161455],[-80.97421692331777,8.113902013102901],[-80.96853605707445,8.10192316415457],[-80.96805743764392,8.101174532470447],[-80.96734668318562,8.100514966383003],[-80.96606064677165,8.09994730914679],[-80.96109388075145,8.09885576492522],[-80.95774992126509,8.096495235766191],[-80.95688439402916,8.096082274754442],[-80.9557179950841,8.095856054680258],[-80.95104248013256,8.095521291917526],[-80.95012763999804,8.095120599017775],[-80.94852886155165,8.094110408007296],[-80.94858459856458,8.09381264500542],[-80.94800088733629,8.093298544645167],[-80.94795869730781,8.09237505424278],[-80.94771783961889,8.091996420044811],[-80.94772517863925,8.09126585402331],[-80.94720235036783,8.090888405373224],[-80.94722182787683,8.090649194842804],[-80.94751539777714,8.090284953670558],[-80.94736622574064,8.089732685236928],[-80.94695673676374,8.08945835157909],[-80.9468612997632,8.08911033484744],[-80.94683146193871,8.088118794572159],[-80.94707423594431,8.087838089587947],[-80.94756871646126,8.087722425054174],[-80.94750445458233,8.087075939487859],[-80.9471847026704,8.086399165526462],[-80.94754061515862,8.086014198168458],[-80.94752515740343,8.085661271937816],[-80.94779968266789,8.085271277236618],[-80.94770171848505,8.084638711077707],[-80.94778715321917,8.084053575877936],[-80.94723517812217,8.083537256746036],[-80.94667643053506,8.082386783038483],[-80.94676020459003,8.081370738464926],[-80.94652074724449,8.080140625753861],[-80.94670631962408,8.079910883940595],[-80.94648914732528,8.079775653175558],[-80.94649643419838,8.079455109107506],[-80.94619986067532,8.079298564701372],[-80.9463443467075,8.078531653307715],[-80.94681398964309,8.077994985378147],[-80.94716272797326,8.078116646624913],[-80.94751723032053,8.077764279849195],[-80.9473923894063,8.077508609483946],[-80.94707433236412,8.077528832230435],[-80.947163192678,8.077125367551558],[-80.94687573751554,8.076927930928468],[-80.94731263441014,8.076715500996238],[-80.94705323832896,8.076073115515236],[-80.94746058077514,8.075338321961514],[-80.94754101058147,8.074165978925459],[-80.94814939298571,8.07341152093522],[-80.94846443623427,8.071529143043938],[-80.94884973486562,8.07129974271827],[-80.94883568981967,8.070901720019474],[-80.94928213131166,8.070175963059686],[-80.94895332833622,8.069496938340459],[-80.94909902185898,8.069164488379334],[-80.94936684632866,8.06901467348777],[-80.94998228663147,8.069487703187553],[-80.95007167442458,8.06854181497364],[-80.95061669196319,8.068509100080838],[-80.95069661803412,8.0680361646503],[-80.95108662302567,8.067727162133838],[-80.9512652296004,8.067193361981893],[-80.95178206251086,8.067099765811363],[-80.9515706780539,8.066762596195796],[-80.95168346331221,8.06654720850427],[-80.95218621136121,8.066359961866125],[-80.95263722167091,8.066678425669812],[-80.95279699579464,8.066434947705806],[-80.95313997268559,8.066463082469912],[-80.95367564211362,8.066004245958935],[-80.95419715533832,8.06607922865333],[-80.95464356494239,8.065587599897317],[-80.9552026427,8.065831157826464],[-80.95554093109256,8.065821832558054],[-80.95594510884787,8.064740185456975],[-80.95690823913809,8.065049337214353],[-80.95737338194662,8.065030661633415],[-80.95739226444277,8.064206516922955],[-80.95754264873185,8.06380382582047],[-80.95764133223537,8.063616530372085],[-80.95781516935105,8.063639958117951],[-80.95811119588778,8.063391806443171],[-80.95776354031422,8.063167007583939],[-80.95739250506487,8.061907334703642],[-80.95740193188009,8.061588915127272],[-80.95765095841507,8.061467197212274],[-80.9577214556424,8.061242441289153],[-80.95722354076611,8.059826222228153],[-80.95673588693684,8.059074913031976],[-80.95636636711377,8.05923691542382],[-80.9562260255994,8.058669773142956],[-80.95576783557259,8.058831756479037],[-80.95565699281192,8.058750732780014],[-80.95584177368993,8.058434041725297],[-80.95564966206268,8.058227792049289],[-80.95567188224618,8.05778588432342],[-80.95604142770733,8.05729245445931],[-80.95595275974203,8.057189325945572],[-80.95556863181838,8.057412121053911],[-80.95523429486617,8.057288088624093],[-80.95519549660776,8.056540254534168],[-80.95546768249925,8.056164424448433],[-80.9554444189066,8.055606448593627],[-80.9558986613883,8.054905288405074],[-80.95654778216218,8.054309519719144],[-80.95717121737512,8.05431384571431],[-80.957525667433,8.054058527307753],[-80.95811491738768,8.054296919454595],[-80.95831991561046,8.053973490339532],[-80.9589433760649,8.053722449334836],[-80.95861893521536,8.052866972073803],[-80.95876843904047,8.052411608069344],[-80.95923389659634,8.052186086214828],[-80.95892249751785,8.051695706079595],[-80.95906820639149,8.051246031194374],[-80.95849979739467,8.051012264773501],[-80.95857526522543,8.050703295200321],[-80.95811421432568,8.050716572477139],[-80.9580008256857,8.049905032150573],[-80.95811150219062,8.049730419504098],[-80.95860025768322,8.049647747712685],[-80.95830520949293,8.049215739516928],[-80.95825913981048,8.048792946750305],[-80.95882179645689,8.047451108130119],[-80.95903391275712,8.047239735284682],[-80.95932897038345,8.047570641095927],[-80.95956872591142,8.0475890452919],[-80.95980855299896,8.04688136456385],[-80.95951349821462,8.046522879261389],[-80.95960575538794,8.046109290458908],[-80.95896035879697,8.045043065815435],[-80.9597092471655,8.044599465644126],[-80.96020366920382,8.043856640432505],[-80.96024182529028,8.042522509412056],[-80.96042440840861,8.042014647471055],[-80.96085791989246,8.04194646758074],[-80.96130660568367,8.042257296521386],[-80.96145872032405,8.042143608460307],[-80.96126100572258,8.041832794375672],[-80.9613370846194,8.041643297607889],[-80.96162609727998,8.041476561235825],[-80.96226494710942,8.041514521184508],[-80.9627335554258,8.041312821402421],[-80.96283897514404,8.041512502068652],[-80.96256477588217,8.042153534167156],[-80.96311302255305,8.04254241506229],[-80.96422009352267,8.042784227710586],[-80.96498983257655,8.042279851737774],[-80.96574895911775,8.04265824517421],[-80.96663463512886,8.042700352647413],[-80.96732052054732,8.041210499732085],[-80.96683628355827,8.040446176573026],[-80.96707847341571,8.03994050540923],[-80.96670953845467,8.039314108558548],[-80.96679027842656,8.039021039741195],[-80.96733223605739,8.038952129052074],[-80.96775885640743,8.039210756506458],[-80.96820278968455,8.03927974520518],[-80.96830657875954,8.039118851234301],[-80.96820291093744,8.037722447668555],[-80.96839319619622,8.037446627758293],[-80.96991523782773,8.037762802039634],[-80.97023234587537,8.037659380368805],[-80.97040533886891,8.037291619435242],[-80.97288088604938,8.03808812756008],[-80.96648525867711,8.049014398054245],[-80.97556154792962,8.058444850520388],[-80.97590754829776,8.05862703797019],[-80.97605050179237,8.058920094299578],[-80.97633642906115,8.059011515954367],[-80.9766439616327,8.058860979826257],[-80.97713277758082,8.05944781787775],[-80.97729803548299,8.0591807578648],[-80.97779729871044,8.059107064152972],[-80.97808630282718,8.05869928922392],[-80.97843017103718,8.058774720019894],[-80.97861435295951,8.058293778953477],[-80.97896334954314,8.058177860472732],[-80.97905640316714,8.058358730566649],[-80.97889817917826,8.058650893004392],[-80.9792564604737,8.058892065053666],[-80.97941464311542,8.059235260342513],[-80.97985671465658,8.05889209497876],[-80.98068028642852,8.059490387713184],[-80.98141084380124,8.059267820096023],[-80.9818063038864,8.06047361567835],[-80.98221112552964,8.060594210319291],[-80.98289514922381,8.060445838509796],[-80.98343490632374,8.060668471096545],[-80.9836946482158,8.061099365188689],[-80.98382137666157,8.061719531526506],[-80.9844897307445,8.061252518720604],[-80.98509275599298,8.06126785516941],[-80.98537303473249,8.061555512115083],[-80.99040563521149,8.070721734536312],[-80.98983999755156,8.071056762535232],[-80.98975152605436,8.071413939075148],[-80.99038637137583,8.072906945967095],[-80.99149106504316,8.073895599815465],[-80.99146693486446,8.074304287731607],[-80.99090571040178,8.074600699188176],[-80.99086917509698,8.075298002216268],[-80.99138104513182,8.076126627339308],[-80.991483602531,8.076587624486642],[-80.99106812137983,8.077578838196937],[-80.99128388887614,8.078007749740976],[-80.9912585916577,8.078725181921984],[-80.99255190629,8.081523174630945],[-80.99262271470907,8.083285837979746],[-80.99934368976113,8.089464972061773],[-81.00643975497759,8.089577504121532],[-80.99925904319089,8.112488008388107],[-80.99703855822588,8.113103946496317],[-80.99687049874095,8.112844039858825],[-80.99659039317177,8.11279967755269],[-80.99650266914104,8.112527811458015],[-80.99602060587178,8.11253901170129],[-80.99579676382356,8.112189495677935],[-80.99536988884445,8.112368812752965],[-80.99530485512585,8.112671446549582],[-80.99498380906458,8.112696081772931],[-80.99474679796582,8.112282069660992],[-80.99451492455903,8.112296158597088],[-80.99399357828521,8.11193235732782],[-80.99382610224713,8.112024265293881],[-80.9937290425675,8.112468088733115],[-80.99293174295856,8.112583349781627],[-80.99275451156383,8.112918005003642],[-80.99250057456779,8.11306339693975],[-80.99158967843108,8.11248038373372],[-80.99110260164088,8.112543244166945],[-80.99077372820477,8.11233517939434],[-80.99048940187213,8.112371661517345],[-80.99038153557252,8.111837489372945],[-80.98951719458708,8.111815557126565],[-80.98872346019635,8.111029923883564],[-80.9880988235155,8.110938537472965],[-80.987944129059,8.110196141174129],[-80.98758883810635,8.109956279886616],[-80.98739401201941,8.109602203873338],[-80.9872736989831,8.108717044923745],[-80.98679235250563,8.108117403008217],[-80.9860531044365,8.108362936743205],[-80.98527376336935,8.108094502028486],[-80.98451733175226,8.108105898474717],[-80.98429957465265,8.10794027597232],[-80.98420602265436,8.107620296617348],[-80.98384373841526,8.107822820353233],[-80.98301569755657,8.107887254018417],[-80.98220057427531,8.108538332859437],[-80.98209703909514,8.109247459793973],[-80.98222638909061,8.109982376589654],[-80.98192879532017,8.110336929214785],[-80.9811266319307,8.11049806566371],[-80.9798722096516,8.111565022416872],[-80.97958695596198,8.11140696517236],[-80.97920527830466,8.111419835717134],[-80.97880418564505,8.111593877692577],[-80.97854541057771,8.11193553093759],[-80.97801494690555,8.111871035352301],[-80.97771088170174,8.112290051810126],[-80.97708337168353,8.112457630186585],[-80.97668872334847,8.113076483072408],[-80.97600946267153,8.11310868181378],[-80.97535606552964,8.113534116156814],[-80.97435031306411,8.113710993161455]]]]}},{"type":"Feature","properties":{"OBJECTID":4,"PROV_ID":"09","DIST_ID":"10","CORR_ID":"06","CODIGO":"091006","CORR_NOMB":"SAN PEDRO DEL ESPINO","SHAPE_Leng":40263.61385,"CORR_FEAC":"2016-08-31T00:00:00","ID1":545,"CORR_LEY":"LEY No 58 DEL 29 DE JULIO DE 1998","Shape_Length":40262.5030972505,"Shape_Area":23464529.396349147},"geometry":{"type":"MultiPolygon","coordinates":[[[[-81.09982286035428,8.110614483262086],[-81.09955610871137,8.110866149785053],[-81.09893896995956,8.111055939736689],[-81.09659373402654,8.111351212695565],[-81.09626469909867,8.111899707923374],[-81.09659931263946,8.11317585269366],[-81.09625771294101,8.114964696687846],[-81.09684445511185,8.116676440219914],[-81.09723914197389,8.120611859443763],[-81.09719569497369,8.122898586347375],[-81.09860339013404,8.124266265377356],[-81.09882647173144,8.125195577966524],[-81.09835975240485,8.126308274076202],[-81.09740497700994,8.12694502109475],[-81.09759807112398,8.127839356209087],[-81.09753387116791,8.128223776683733],[-81.09870951032238,8.129714995688472],[-81.09882302851294,8.13119620675937],[-81.09849937171599,8.132759530208999],[-81.09850228738962,8.134169011941124],[-81.09830693422414,8.13457909004152],[-81.09808325271423,8.134832851771046],[-81.09749695233073,8.135084137059003],[-81.09661230245078,8.135232984631118],[-81.09583594400176,8.136552956770489],[-81.09449365232236,8.137288764756772],[-81.0943231072039,8.137726739576994],[-81.09434988279543,8.138357442212415],[-81.09446803167869,8.138996882321592],[-81.09477983085185,8.139615696945478],[-81.09628579476617,8.141093346957495],[-81.09653408662476,8.14153723379896],[-81.09679020832587,8.143239318467248],[-81.09744812813615,8.144620813499504],[-81.09771935956233,8.146327587325583],[-81.0982458920861,8.146664889028134],[-81.09925353453146,8.146616659359264],[-81.09951333364164,8.14699779289774],[-81.09861563793177,8.148309691122815],[-81.09833557889434,8.149708976571928],[-81.09708836321606,8.150569714292896],[-81.09632729666103,8.15255910604635],[-81.09628053547918,8.15376164329467],[-81.09572379487051,8.153863243637806],[-81.09502762390615,8.153607973171525],[-81.09384250819693,8.15273145053916],[-81.09328676898245,8.151690098123042],[-81.09294134506781,8.15164761485625],[-81.09263325488247,8.151929071103565],[-81.09196067590081,8.153429245335477],[-81.09161648649017,8.15493585614659],[-81.09059415335969,8.156275737875358],[-81.09050576474054,8.156843998828588],[-81.09070084037178,8.158241576773493],[-81.09047518387011,8.159326951931961],[-81.09022086882732,8.159636323111032],[-81.08903985481649,8.160345401218038],[-81.08876978246239,8.162017463609027],[-81.08847151766184,8.162868667982591],[-81.08747148421932,8.163618973729232],[-81.08712751419276,8.163686278352008],[-81.08649064056658,8.163536246478957],[-81.08626755045856,8.16366405231187],[-81.08619626656758,8.16440624573815],[-81.08669391159194,8.165292007727249],[-81.08680417890609,8.165793802407654],[-81.08597276966887,8.16690456282648],[-81.08527825136326,8.16721322722481],[-81.08436164065584,8.167339643417183],[-81.08404178825548,8.167288029561572],[-81.08357316007029,8.16688956776058],[-81.08292435438183,8.167393095230963],[-81.08258875171902,8.167479864687307],[-81.08235119827057,8.167341282198095],[-81.08229153640787,8.166659149106335],[-81.08208056847174,8.166526736385084],[-81.08159127194392,8.167419841335215],[-81.08183236287681,8.168253413328564],[-81.08174964564053,8.168395981238616],[-81.08116749763003,8.16861167369057],[-81.07955177739156,8.168308861774955],[-81.0793273817524,8.168566721653116],[-81.07902546179645,8.169473431811115],[-81.07839155171116,8.1700788128965],[-81.07799254804061,8.17001315746784],[-81.07751546392635,8.169490083515399],[-81.07669138704217,8.16948624062523],[-81.07616239263805,8.169880136942048],[-81.07636477157325,8.17091562613774],[-81.07603150994224,8.171206531544007],[-81.07548124669894,8.17110767622254],[-81.07467032069026,8.17014047414696],[-81.07421827520604,8.170090639879163],[-81.07378532907369,8.170527219147004],[-81.07314163832709,8.171914881473882],[-81.07287956042742,8.1719615952623],[-81.07234702712584,8.17161238912179],[-81.0719062471298,8.17183523052898],[-81.07160509291454,8.172475249225677],[-81.07184159921707,8.173000520302372],[-81.07156338633482,8.173240296305226],[-81.07095039085915,8.173269587697984],[-81.0704526410706,8.174311963488877],[-81.07013044742216,8.174303680467933],[-81.06991282715602,8.174095260752196],[-81.0695832722079,8.173448801599212],[-81.06943272985862,8.172736360928898],[-81.06861966146296,8.171731084633068],[-81.06833044443266,8.171671103310715],[-81.06755921550975,8.17188557344068],[-81.06712468577498,8.171359488740864],[-81.06678371708377,8.171575665927968],[-81.06670195618888,8.172451185243208],[-81.06579223620719,8.173155573970906],[-81.0652003334726,8.173109543334633],[-81.06502254442918,8.172769393457934],[-81.06505408882366,8.17255585282846],[-81.06590254397369,8.17197999017878],[-81.06593074609887,8.171677869518435],[-81.06568283358783,8.171526667734412],[-81.06408090185522,8.171799071260708],[-81.06364380139394,8.172454191683284],[-81.06306585949174,8.172800198255608],[-81.0626439882816,8.172840612043961],[-81.06209614512493,8.172535020143593],[-81.06175489553277,8.172572272795284],[-81.0613076191939,8.1728715659758],[-81.06106541336278,8.173233575293633],[-81.06069733282992,8.175107792846589],[-81.06025775682913,8.175540275556546],[-81.05996280607829,8.176148329771953],[-81.06002027711236,8.176987165689043],[-81.05932757500818,8.176295246856416],[-81.05914735486468,8.175888702827534],[-81.05927760926905,8.174727749889582],[-81.05992478733032,8.173507449228596],[-81.0592871068553,8.17264808939751],[-81.05895231945928,8.17145876077875],[-81.0588955969324,8.170323229179303],[-81.05853874410802,8.168820674756759],[-81.05859213378503,8.166383554511805],[-81.05814239624179,8.163230622119219],[-81.05518406936095,8.159129781547664],[-81.053894924773,8.157956380904038],[-81.06869760576772,8.161043878741463],[-81.06912300142686,8.160399914057942],[-81.06932785095374,8.159712915774941],[-81.0702756341228,8.158806586519942],[-81.07078009735669,8.157627773478344],[-81.07145000107941,8.157007545894482],[-81.07220552584376,8.156841285454552],[-81.07273269427047,8.156924556121506],[-81.07374408143474,8.156894685186401],[-81.07427915766043,8.156729924500654],[-81.0750185901975,8.15679361228779],[-81.07523453917669,8.156664505053685],[-81.07531072693287,8.156567470017015],[-81.07098111095522,8.138719482387895],[-81.0696847169183,8.13793322985988],[-81.06818024505067,8.137450422691176],[-81.06609772801521,8.136125542295432],[-81.06502507284112,8.135722204287323],[-81.06205968753015,8.135789556734137],[-81.06099089300946,8.135456177016472],[-81.05914955135881,8.134297018239332],[-81.05871980679422,8.133585952144312],[-81.05400312648621,8.129143189078038],[-81.05340153961093,8.128835495614993],[-81.05166416909445,8.128494328655371],[-81.0497046335347,8.127804444185601],[-81.04804632836786,8.127660870770761],[-81.04716202401647,8.126549433988224],[-81.04578952066177,8.125556962531096],[-81.0453828352297,8.125524722016332],[-81.04264757612556,8.126289983828224],[-81.04044874832042,8.12712883627149],[-81.04290407674716,8.117397764682012],[-81.04310044135643,8.117780181346214],[-81.04352314415654,8.117885672036216],[-81.04324005577891,8.118548493991417],[-81.04362725941989,8.118625998845218],[-81.04380994018996,8.119004277383363],[-81.04409678493897,8.119173452424553],[-81.04406423218708,8.119561658009518],[-81.0438632941781,8.11965264757865],[-81.04387969312904,8.119804905074586],[-81.04431742618515,8.120041164975445],[-81.04483761930338,8.119998794070879],[-81.04486593861833,8.120894022115703],[-81.045241205089,8.121015529457628],[-81.04607747320486,8.122298532254973],[-81.04662647695312,8.122244970128891],[-81.0465638159013,8.1227627958394],[-81.04770183070445,8.123681314732083],[-81.04846410178867,8.125041199626649],[-81.04871318045687,8.125248053030564],[-81.05002789815028,8.125424788994954],[-81.05076534499794,8.12500891329349],[-81.05150858851214,8.125131302208452],[-81.05205432098124,8.124801489158056],[-81.05238503976709,8.124863559411294],[-81.05273053462987,8.124376347002741],[-81.0528000680512,8.123854672487628],[-81.05313977004327,8.123137827886715],[-81.05360803081167,8.122711947021402],[-81.0536518412821,8.122282974866772],[-81.05409353927536,8.12177887690879],[-81.05399959610321,8.121135486820634],[-81.05432349326274,8.121324846471234],[-81.05429575007234,8.120820255272285],[-81.0544901086244,8.120921971239122],[-81.05461239250597,8.120645840151303],[-81.05570341425756,8.120451743282487],[-81.05600866686504,8.120540663855811],[-81.05640377543271,8.121020596818324],[-81.05679141331098,8.121247160642168],[-81.05674322303506,8.121405501541298],[-81.05638286756852,8.121381972727203],[-81.05624777042972,8.12166469665017],[-81.05655179193533,8.121971577249827],[-81.05669613305875,8.122367449581505],[-81.05768207021775,8.12275422758095],[-81.0580858429369,8.123078563322494],[-81.05836807548229,8.123607245701244],[-81.05894691625178,8.123797259663453],[-81.05936534101865,8.125012742343822],[-81.05954389966305,8.124993465627274],[-81.05967618053113,8.124641809887079],[-81.06016025361836,8.124968620143893],[-81.06061822667459,8.124557114237279],[-81.06088374894253,8.125051263404224],[-81.06118211638737,8.125217335520349],[-81.06116578966548,8.12341028428994],[-81.06097787750099,8.122471671428077],[-81.06104756334715,8.12207019928562],[-81.06147947135491,8.121788120143991],[-81.06136943962082,8.12144806320592],[-81.06145687550217,8.121161252622736],[-81.06119562882137,8.120860052552903],[-81.0615728624034,8.120259542975539],[-81.06146967263,8.119872847327448],[-81.06112250610006,8.119720832145893],[-81.06095772466858,8.119410648788486],[-81.0612348624132,8.118710604248765],[-81.06160411503319,8.118448698595973],[-81.06171128090166,8.117970816902256],[-81.06153620349954,8.117659997603221],[-81.06186338077683,8.117356072686166],[-81.06159139109177,8.117032765425273],[-81.06161738946057,8.116727623390348],[-81.0609788862672,8.1163054639041],[-81.06082281151079,8.115942667794837],[-81.06093145978699,8.115198631280071],[-81.06124022808314,8.115109546512342],[-81.06114674716393,8.114982446880694],[-81.06127592730144,8.114858830680069],[-81.06109887540084,8.1142286528599],[-81.06084768968691,8.114173308487116],[-81.06085761013732,8.113909027375572],[-81.06102822055264,8.113793731439232],[-81.06090438160113,8.113061253586485],[-81.06046857521198,8.112289214555823],[-81.06040771479391,8.109472275647036],[-81.06064416108718,8.109254501755267],[-81.06069933946631,8.108835993478504],[-81.06046379643155,8.108056028559988],[-81.06072281508352,8.10696028580262],[-81.06045891991221,8.106570079441015],[-81.06036873915154,8.105732682792574],[-81.06917364829292,8.113672519889407],[-81.07958777852348,8.11701648545068],[-81.08002043507571,8.116693141835707],[-81.08063094289724,8.116495570939092],[-81.08084617420938,8.116080408829221],[-81.08119318190806,8.115981330528653],[-81.0816576134462,8.115570382278063],[-81.08239513421803,8.115285990843054],[-81.08276036871231,8.115316908464694],[-81.08339634457342,8.115680500766421],[-81.08386962478374,8.115581603268065],[-81.08411273099173,8.115753342436983],[-81.0843045343163,8.115552494627549],[-81.08431540254982,8.115797722043908],[-81.08451819000571,8.115605957154845],[-81.0852288259062,8.115780942481036],[-81.0854033371853,8.115641538388074],[-81.08613133662307,8.11564426516488],[-81.08618521528881,8.11523986413066],[-81.08590526291148,8.114875186357182],[-81.08609801329281,8.114588196366382],[-81.0859276349318,8.114549850504828],[-81.08594370608863,8.114094099852386],[-81.08618315528635,8.113819183835021],[-81.08582962690195,8.113485412800449],[-81.08577065744512,8.113083658730417],[-81.086257910357,8.11213136015614],[-81.08646153372042,8.111038727030333],[-81.08713249608977,8.109969778335307],[-81.08711291901331,8.10948063919935],[-81.08758761225408,8.109254867723084],[-81.0879355760487,8.10887435010068],[-81.08810665867725,8.10816757136683],[-81.08850689551765,8.10778650102969],[-81.0887903453835,8.107236945391849],[-81.08875085411282,8.106240356448502],[-81.08906001378124,8.105741218218496],[-81.08895762579124,8.105251156438062],[-81.08917582476289,8.104973741269932],[-81.08979464175937,8.104775314611883],[-81.08980672625675,8.104560868537126],[-81.09012849391203,8.10461728306477],[-81.090626989056,8.104225044858968],[-81.09093056302281,8.104212659128848],[-81.09126574191716,8.103795586836556],[-81.09140304113896,8.103056640256277],[-81.09158850949962,8.103069578941998],[-81.0916216738671,8.102779310520155],[-81.09180255208776,8.102884792818209],[-81.09189562386364,8.102290951217268],[-81.0917446128321,8.10223326588614],[-81.09194160595362,8.102063943181996],[-81.091286026914,8.102221651227405],[-81.09124021987581,8.102022585439945],[-81.09140416917202,8.102037926084755],[-81.09140565965743,8.101849216759833],[-81.09155071826736,8.101783670402584],[-81.09148150107237,8.101591348787831],[-81.09122751033284,8.101614135191921],[-81.09126699661321,8.101323090163826],[-81.09154774052898,8.10144371411066],[-81.0915792569879,8.101336432854334],[-81.09145220762917,8.101204759801405],[-81.09126802052582,8.10125484798082],[-81.09133690636594,8.101016802985365],[-81.09105909380047,8.10119155898979],[-81.09119732429522,8.10082566664182],[-81.09080678285932,8.100470811089057],[-81.09107935355372,8.100252977235906],[-81.09086470498309,8.100001505041655],[-81.0911464914299,8.099963623867481],[-81.0911562112303,8.09964697766728],[-81.0913103071516,8.099542930828546],[-81.09100244802556,8.09951112326121],[-81.09123472458609,8.098941572182158],[-81.09296885956894,8.099984042699809],[-81.09432659332046,8.101074619058462],[-81.09483890008904,8.100918403946965],[-81.09538367973266,8.100035294350583],[-81.0957109359743,8.099980520498079],[-81.09599243937853,8.100144658197214],[-81.09604692834526,8.10055722770983],[-81.095762927802,8.101795585065105],[-81.09614763281756,8.103128599982789],[-81.09719376347047,8.105759240762326],[-81.0973821035698,8.106701699289546],[-81.09757561333443,8.107031914878606],[-81.09920970929936,8.108577417969387],[-81.09982286035428,8.110614483262086]]]]}},{"type":"Feature","properties":{"OBJECTID":5,"PROV_ID":"09","DIST_ID":"10","CORR_ID":"11","CODIGO":"091011","CORR_NOMB":"SAN MARTIN DE PORRES","SHAPE_Leng":0.0,"CORR_FEAC":"2018-10-08T00:00:00","ID1":75,"CORR_LEY":"LEY 68 DEL 30 DE OCTUBRE DE 2017","Shape_Length":12193.912717246825,"Shape_Area":5262788.559643005},"geometry":{"type":"MultiPolygon","coordinates":[[[[-80.96012820243973,8.120150077523983],[-80.95900386603033,8.120878749918557],[-80.95707776797205,8.120349245871866],[-80.94032245648062,8.129762290685095],[-80.93944906733425,8.125987454761573],[-80.9398983201338,8.12491355892795],[-80.93990946320426,8.123352307299257],[-80.94016485018778,8.12278046521428],[-80.94068863958734,8.122149951460763],[-80.94285021927529,8.120731071237616],[-80.94292419855108,8.120561136636589],[-80.94264128405035,8.120096429700162],[-80.94293371950941,8.119584342803922],[-80.94262157363028,8.118589239048747],[-80.94236189300781,8.118415863499727],[-80.94231192677645,8.117947643374762],[-80.94261650595028,8.117648551800851],[-80.94268075675427,8.117242246125477],[-80.94299858188162,8.11682957269653],[-80.94290481853588,8.116590828054251],[-80.94262612413891,8.116483482137154],[-80.94238387401595,8.115575372140535],[-80.94194365756842,8.115180654513544],[-80.94150981914389,8.115127375964171],[-80.94136310228834,8.11493441075925],[-80.9415148443837,8.114592439444507],[-80.94139703113837,8.113977117804778],[-80.94176481303452,8.113627148614086],[-80.94164293241188,8.113237455571344],[-80.9418224577431,8.113012857969789],[-80.94186595178012,8.112508693337974],[-80.94130512559158,8.111723952877854],[-80.94172438275403,8.111468295853067],[-80.94166690671952,8.110591941430478],[-80.94210021052378,8.109158306648762],[-80.94267621955696,8.10858402855108],[-80.94268762044122,8.108357448470374],[-80.94352026661055,8.107987651588276],[-80.94343750749483,8.107810657623608],[-80.94369236716518,8.107483432052405],[-80.94413543185952,8.107646673874505],[-80.94456784292242,8.107263067902872],[-80.94505042944152,8.107619308951877],[-80.94633993835163,8.107935648186384],[-80.94761815696336,8.10799078667212],[-80.94789247717293,8.107830849395166],[-80.94800546674816,8.107946000411825],[-80.94831617033194,8.10790837263885],[-80.94828774016817,8.10808266954456],[-80.94849866260793,8.108244794373645],[-80.9486186726371,8.108023021925709],[-80.94877684815054,8.108216660824253],[-80.94927537980806,8.108106550745827],[-80.95050402094807,8.107490473241693],[-80.95054733534681,8.106713542093408],[-80.95098213195104,8.106098151165808],[-80.95136709865831,8.10599288045762],[-80.95125595533197,8.105097342341159],[-80.95092016188269,8.104126587328636],[-80.95131527922723,8.10460940143026],[-80.9516954165074,8.10467895772107],[-80.95216625378717,8.104557368363176],[-80.9527311999445,8.104910202600424],[-80.95288197209045,8.105167796228887],[-80.9536275994606,8.105107400741336],[-80.95419638514417,8.104811973699965],[-80.95500253304414,8.104768402602826],[-80.95590717734329,8.104394963650487],[-80.95697678927327,8.10470948790778],[-80.95799296749412,8.10477203135423],[-80.95847797048957,8.10465556676993],[-80.95943959724688,8.104998808425867],[-80.96023174436966,8.104628207946636],[-80.96080514004447,8.104596596951186],[-80.96134055832832,8.105125607538383],[-80.9624901099068,8.105820048829543],[-80.96492762234391,8.106247424407947],[-80.965293779605,8.10654138854203],[-80.96580487048911,8.1074129037649],[-80.96616108035072,8.107608278409991],[-80.96796972525253,8.107353836062464],[-80.9686141765526,8.10778495155716],[-80.96978474717426,8.107196087130875],[-80.97105141785298,8.107222399248466],[-80.97162972004239,8.10839109208686],[-80.9663170335207,8.118916428870962],[-80.96353594355907,8.11597167982457],[-80.96033809113713,8.115972415754095],[-80.96009738684495,8.116107974349658],[-80.96024153929451,8.11636099834251],[-80.960195838713,8.11685251643343],[-80.95994603216143,8.117034878174083],[-80.96006968610676,8.117305766872791],[-80.95986831963918,8.117638398965726],[-80.96027763088388,8.118705295217834],[-80.96012820243973,8.120150077523983]]]]}},{"type":"Feature","properties":{"OBJECTID":6,"PROV_ID":"09","DIST_ID":"10","CORR_ID":"13","CODIGO":"091013","CORR_NOMB":"RODRIGO LUQUE","SHAPE_Leng":22889.0522793,"CORR_FEAC":"2018-08-02T00:00:00","ID1":44,"CORR_LEY":"LEY  21 DEL 16 DE OCTUBRE DE 2014","Shape_Length":22889.063226118447,"Shape_Area":17002357.69259387},"geometry":{"type":"MultiPolygon","coordinates":[[[[-80.98882259607925,8.112601366871543],[-80.9884538861824,8.113048277768256],[-80.98853299041451,8.114135783852124],[-80.98999750629328,8.11455498022963],[-80.99106063997799,8.115198525580446],[-80.99165050701127,8.115818239188853],[-80.9921437307254,8.116891559417136],[-80.99198720409227,8.117697319768139],[-80.99163847925445,8.118439943949134],[-80.99171240876574,8.1195010913467],[-80.99227503756825,8.11990547431156],[-80.99233680391114,8.120816494018401],[-80.99279843147444,8.121380082368887],[-80.9924708594593,8.122311962883497],[-80.99319807358899,8.122074610907848],[-80.99347885091868,8.122715972218186],[-80.99249763260467,8.12466203302828],[-80.99380496123152,8.125520001615369],[-80.99394415155416,8.126166415846864],[-80.9946965968659,8.127016852443532],[-80.99496949420676,8.127538744057999],[-80.99613576365164,8.128120942233974],[-80.99640325628629,8.128941519652853],[-80.99719904045764,8.13012643084442],[-80.99738578186741,8.13086440078628],[-80.99733320384476,8.131129172073438],[-80.99703422482533,8.131291622592405],[-80.99696262712574,8.131609474467009],[-80.9971677045912,8.131786586760349],[-80.9975876836257,8.131841169088029],[-80.99816983305963,8.132610702305923],[-80.99837637211978,8.132563095835215],[-80.99949585749494,8.133292591746997],[-80.99933904443321,8.133916797628821],[-81.00033778253955,8.135145571508614],[-80.9999844684012,8.135423579493986],[-81.00004990183497,8.136281127620563],[-81.00062772084985,8.136637371254158],[-81.00099493587305,8.13667085332087],[-81.00101653790489,8.137127653415515],[-81.00132791451685,8.13764066044649],[-81.00162991278981,8.137655688434277],[-81.00192185630958,8.137950353149192],[-81.00286101677847,8.137991364409112],[-81.00289952019527,8.138251811926311],[-81.003456048999,8.13834014766708],[-81.00403506364131,8.138656462314003],[-81.00413634438651,8.139499256992345],[-81.0047917814731,8.139857558027016],[-81.00583843634504,8.144788119520236],[-81.01056485438369,8.149604856365068],[-81.0104488378295,8.150295496836934],[-81.01054330759222,8.150518417720432],[-81.01088043097408,8.15044105271153],[-81.0109804304764,8.150536441919165],[-81.01050440942099,8.151611081937276],[-81.01048515202622,8.152078925875843],[-81.01022581883846,8.152287558511011],[-81.01027794466354,8.152490903352897],[-81.00980261113456,8.152818721748696],[-81.00985190329254,8.153639904178773],[-81.0096476755663,8.154502122101201],[-81.0091967542166,8.15510630227928],[-81.00904468684985,8.156113817183378],[-81.00838816522001,8.157132159327093],[-81.00817439871278,8.1581206497126],[-81.00795902254693,8.158467608922107],[-81.00756774616447,8.158696535910483],[-81.00679128364908,8.158737615261467],[-81.00655391769565,8.159229300919034],[-81.00664455666454,8.159518860753124],[-81.00704018449314,8.159752510671268],[-81.00761142747692,8.160934652738025],[-81.00733244895,8.161268099711531],[-81.00695617225065,8.16104313252486],[-81.00655018477457,8.161066786899402],[-81.00618417292694,8.161468567673914],[-81.00620868494657,8.16178089063016],[-81.00669377365907,8.162378897842192],[-81.00632685958051,8.163028957319744],[-81.00630538938974,8.163464179210775],[-81.00658708241568,8.163880924495114],[-81.00694661578068,8.163829304968417],[-81.00709896480286,8.163967082198496],[-81.00682319761734,8.164686930878508],[-81.00707807768562,8.164990874573242],[-81.00711527032529,8.165316009217138],[-81.00651994260511,8.165801881873447],[-81.00683020027503,8.166489600130815],[-81.00697502983616,8.167618364148204],[-81.00634569872291,8.169080727357095],[-81.00683374673467,8.170042838181587],[-81.00637637099402,8.170540426583573],[-81.0064732333176,8.171422893789366],[-81.00631067577068,8.172377907987213],[-81.00593701372044,8.172640214410578],[-81.00602577917216,8.173137196969135],[-81.0054101681004,8.173871113195332],[-81.00478773201066,8.173737028173429],[-81.004333526119,8.173988456858421],[-81.00382501081205,8.174599925383502],[-81.00344755155172,8.17553612024272],[-81.00354108953465,8.176001858351958],[-81.00416737752437,8.176530310810879],[-81.00429079476214,8.176840040186784],[-81.00420060301607,8.177076731387839],[-81.00366031699063,8.177367959351143],[-81.00392401483701,8.178473229856248],[-81.00309430755098,8.179575669699139],[-81.00328372036326,8.180354700655263],[-81.00311576667976,8.181133031572472],[-81.00283085242037,8.18138298182405],[-81.00229672848661,8.181359649699198],[-81.00193454739873,8.181878600378827],[-81.00175410226005,8.181888779169464],[-81.0009032325502,8.180993618351003],[-81.00033530439596,8.180907346202709],[-80.99985065518312,8.181903189675227],[-80.9998961138568,8.183189781646384],[-80.99964649015665,8.18328853545773],[-80.99890496116886,8.183219040472162],[-80.99864125411801,8.183435027477193],[-80.99859716455691,8.183791338455542],[-80.98157875365702,8.150435023767507],[-80.97673676821478,8.12937726375738],[-80.97717942755781,8.128622199734487],[-80.97719002007737,8.128233580457906],[-80.97697436836808,8.128067995006031],[-80.97671691108987,8.127132855946247],[-80.9762578309567,8.126432617445232],[-80.97588849075275,8.126228205462649],[-80.97590981949806,8.125165503635603],[-80.97532826450255,8.124941799843254],[-80.9743934911746,8.12333268085734],[-80.97369403023075,8.12340134132499],[-80.97366764982577,8.123111428665663],[-80.97332655376643,8.122898254693382],[-80.97309698705807,8.122493771897727],[-80.97314749180451,8.122000800949055],[-80.97280328940089,8.121996391929551],[-80.97227958595893,8.121310026606414],[-80.97161075684642,8.120855326551847],[-80.9712654517946,8.119712520983564],[-80.97153795939704,8.118024170290111],[-80.97231956645301,8.117663643363466],[-80.97250336837274,8.117440123388175],[-80.97243117135812,8.117248376490084],[-80.97197292249474,8.116989729796744],[-80.97166855536068,8.115588222198935],[-80.97198445848855,8.115103840218467],[-80.97273253062079,8.114893418425561],[-80.97278595331578,8.11422176176516],[-80.97299641058417,8.113838101718859],[-80.97336589113517,8.11368835060382],[-80.97374108565084,8.114037977322736],[-80.97396077219275,8.114065371257976],[-80.9745797699823,8.113579196471619],[-80.9753107795636,8.113547012302485],[-80.97600946267153,8.11310868181378],[-80.97668872334847,8.113076483072408],[-80.97708337168353,8.112457630186585],[-80.97771088170174,8.112290051810126],[-80.97801494690555,8.111871035352301],[-80.97854541057771,8.11193553093759],[-80.97880418564505,8.111593877692577],[-80.97920527830466,8.111419835717134],[-80.97958695596198,8.11140696517236],[-80.9798722096516,8.111565022416872],[-80.98105546662927,8.11054318134051],[-80.98176059624932,8.110414287926568],[-80.98214228539857,8.110117756990066],[-80.98224580149656,8.109847002403408],[-80.98209703909514,8.109247459793973],[-80.98218116645828,8.108570561149028],[-80.98301569755657,8.107887254018417],[-80.98384373841526,8.107822820353233],[-80.98420602265436,8.107620296617348],[-80.98429957465265,8.10794027597232],[-80.98451733175226,8.108105898474717],[-80.98527376336935,8.108094502028486],[-80.9860531044365,8.108362936743205],[-80.98667201079793,8.1081288145203],[-80.98692988213769,8.108220200574227],[-80.9872736989831,8.108717044923745],[-80.98749142040633,8.10979637046153],[-80.98798423747367,8.11028180329465],[-80.9880988235155,8.110938537472965],[-80.98872346019635,8.111029923883564],[-80.98951312814935,8.111813873653492],[-80.98985721085644,8.111910836606265],[-80.99028608029205,8.111802649251441],[-80.99049212259015,8.11197060109317],[-80.99047444276047,8.112459345574795],[-80.99003845764274,8.112956337671466],[-80.98980690570612,8.112942939170383],[-80.98923647456179,8.11254294315289],[-80.98882259607925,8.112601366871543]]]]}},{"type":"Feature","properties":{"OBJECTID":7,"PROV_ID":"09","DIST_ID":"10","CORR_ID":"04","CODIGO":"091004","CORR_NOMB":"LA RAYA DE SANTA MARIA","SHAPE_Leng":52092.2331876,"CORR_FEAC":"2017-07-03T00:00:00","ID1":1995,"CORR_LEY":"LEY 58 DEL 29 DE JULIO DE 1998","Shape_Length":52092.16072834222,"Shape_Area":66634170.31899823},"geometry":{"type":"MultiPolygon","coordinates":[[[[-80.80416871968175,8.11235316241103],[-80.80532653353204,8.112274194153356],[-80.80567659779987,8.112491825744815],[-80.80603062988688,8.112332865002603],[-80.80742810139256,8.112778707218768],[-80.80827556834426,8.11274170395076],[-80.81037676947078,8.11350208777028],[-80.8119266291477,8.113250167527292],[-80.81316130940151,8.11395864854044],[-80.8140236651786,8.113557526133429],[-80.81426492078896,8.113832360331694],[-80.81431198164228,8.114387121631172],[-80.81459765597035,8.11449998439652],[-80.8149927239354,8.114415539242817],[-80.81496883923171,8.114680432774584],[-80.8152061564648,8.114930028716797],[-80.81601898345035,8.114803176831094],[-80.81651055089588,8.11494244445836],[-80.8164533013726,8.115662571935498],[-80.8166296883494,8.115805116454869],[-80.81707510482121,8.115624000541448],[-80.81765570180012,8.114591643042512],[-80.81792837697529,8.115269610032787],[-80.81837039229006,8.114679649946922],[-80.8192832836043,8.114962983512052],[-80.81982836223443,8.114821102719588],[-80.8204744508406,8.11507847355644],[-80.82083099434189,8.115060167863739],[-80.82116513909897,8.114753111866024],[-80.82142628821728,8.113974832838574],[-80.82190349038602,8.113811359599344],[-80.82314961994717,8.11426714070801],[-80.8234748706815,8.114619068859632],[-80.823865593844,8.114513581575578],[-80.82411694452556,8.114595351716062],[-80.82419370700208,8.114807911613168],[-80.82400527420093,8.115569023062966],[-80.8243512669351,8.115788959970397],[-80.82470888480722,8.116505635852285],[-80.82499836127722,8.116438643025049],[-80.82462784467334,8.116127680656854],[-80.82478414757576,8.115756390103686],[-80.825407433962,8.116438707351842],[-80.82568729088669,8.11636436770519],[-80.82576781104461,8.116084962498771],[-80.82594003472515,8.116049383452744],[-80.82608808150387,8.116605346459828],[-80.82600409434338,8.117088640390419],[-80.82620544824364,8.117159224902304],[-80.82679624606521,8.116917510503747],[-80.82655906637945,8.11748305307311],[-80.82677954816333,8.117717942708286],[-80.82710633801518,8.117623919241154],[-80.82757474456233,8.116992881143572],[-80.82832804096088,8.117192263832738],[-80.82874268890868,8.116831746053752],[-80.82901510073731,8.116771999457354],[-80.82966969466487,8.117175991837279],[-80.83000580195217,8.116736478412403],[-80.83023609931068,8.116705819001686],[-80.8304937032728,8.117034195258737],[-80.83073240471613,8.118290524993276],[-80.83129338440537,8.119088511667393],[-80.83147757067158,8.120161351895668],[-80.83189829468172,8.120803903012714],[-80.83219430278714,8.120823282949193],[-80.83359946314012,8.119905298375695],[-80.83446126009636,8.119744506602157],[-80.83513498833902,8.120555096292197],[-80.83591033556469,8.121078602916114],[-80.8362667813315,8.12165191235131],[-80.83764158995267,8.121450031945999],[-80.83791985914071,8.122140045033834],[-80.83872229850833,8.122506507093641],[-80.83913235991244,8.12321530654875],[-80.83958953903897,8.12364705523832],[-80.83974812245084,8.124422333096621],[-80.84041982729205,8.12494190270727],[-80.84090993868062,8.125063899995736],[-80.84194155760315,8.124530912702989],[-80.84298879159337,8.124440636502392],[-80.84334959406063,8.124493714177998],[-80.84408597882629,8.125084384714327],[-80.84454395962503,8.124938392472817],[-80.84469542162005,8.125183311110707],[-80.84469410638306,8.12557982135721],[-80.84436274163788,8.126380659902786],[-80.8445984022079,8.126792691390893],[-80.8442432391345,8.12733248210509],[-80.84421829490229,8.127626262942934],[-80.8449952139936,8.12832580595773],[-80.84535205389491,8.128944141498998],[-80.84561740308486,8.130014643799727],[-80.84607551334506,8.130737639705428],[-80.84673390044716,8.130766961482031],[-80.84752091661296,8.130414174915309],[-80.84775270635,8.13053344483915],[-80.84785574393014,8.130852446432575],[-80.84805025823553,8.130852425109868],[-80.84930363040914,8.129985233327686],[-80.8499540507417,8.129757006195414],[-80.85214121597511,8.129970299971509],[-80.85257812444452,8.130767215082134],[-80.85273923428458,8.13185389461274],[-80.85309296475904,8.132290144379956],[-80.85372618735508,8.13251164206662],[-80.8543146967418,8.133033539906517],[-80.85641669903966,8.132978785854512],[-80.85685238557777,8.133135888363078],[-80.85728924743198,8.134275067234801],[-80.85826678771573,8.1354243809754],[-80.85816927954137,8.136077065169722],[-80.85827931654828,8.136661803475814],[-80.85874128109421,8.136916606935982],[-80.85854240976462,8.13740450992481],[-80.85868414600414,8.137819311098793],[-80.85831296073928,8.14054192133543],[-80.8589103667473,8.142206984316338],[-80.8585988200762,8.142770825369455],[-80.85856347929577,8.143171026917804],[-80.8580950164011,8.143810750403752],[-80.85676849233822,8.144309482792611],[-80.8561840402922,8.145596124343017],[-80.85670834982044,8.146561625271172],[-80.85664063717527,8.146817039774591],[-80.85612515417259,8.147238281762677],[-80.85649698844718,8.148032753315977],[-80.85556300333492,8.148800966742042],[-80.85537665671426,8.149106730084846],[-80.85603679722243,8.150183646971588],[-80.85598823043759,8.151418772815388],[-80.85624489019435,8.15195655856423],[-80.85584521545853,8.152314111228183],[-80.85607603249177,8.152941387268198],[-80.85597856131977,8.153429468233602],[-80.85629929574995,8.153725955593993],[-80.85624129205516,8.15449005828586],[-80.85643537160958,8.154964816438456],[-80.85729553786837,8.155638910937812],[-80.85778516797193,8.155840842880844],[-80.857500266844,8.156354284233279],[-80.85760193934779,8.156807040618434],[-80.8579406448435,8.15690782457819],[-80.85853724715002,8.156585028996313],[-80.8588282021983,8.156700148879555],[-80.8587709988621,8.15717990005739],[-80.85898316190121,8.157459102306404],[-80.85901380062194,8.157967794249522],[-80.85955655590784,8.15840684483014],[-80.86032100374332,8.159809835263719],[-80.86039730059626,8.160213448167694],[-80.86140595979606,8.161085062928022],[-80.86238204094053,8.161079589438748],[-80.86286509201186,8.161620545909576],[-80.86343693790609,8.161886287526638],[-80.84937379470739,8.178351427621529],[-80.84894933283347,8.177826966295962],[-80.84794302887556,8.17747638198186],[-80.84585265602561,8.177551119805377],[-80.84263493294405,8.178593580340213],[-80.840998453368,8.178841714007804],[-80.83925915622684,8.18022623216955],[-80.83888342457622,8.180632981715467],[-80.83769426553293,8.182635222098396],[-80.83752040033953,8.18598168910928],[-80.83730081258045,8.186869641859369],[-80.83657241006235,8.187727048615667],[-80.8349219000215,8.1887567499107],[-80.83403303918969,8.189031970020451],[-80.83316460719057,8.188900897427008],[-80.83178632334612,8.188097312672296],[-80.8311975825367,8.187339432338778],[-80.83099824679343,8.186647837335238],[-80.83095994228849,8.184391140181688],[-80.83117658680911,8.183668703158446],[-80.83188883112507,8.182625983668975],[-80.83217974185008,8.181800776405845],[-80.8324969818124,8.178285201682232],[-80.83218170182678,8.177874461404008],[-80.83150107675367,8.177530059077899],[-80.82958499243607,8.178382553592078],[-80.82838654800422,8.180554574780803],[-80.82765030302015,8.184082039515191],[-80.82701675019113,8.185882088381723],[-80.82575104539794,8.187526933539143],[-80.82477332577808,8.188280427146545],[-80.82399416574506,8.189103997521732],[-80.82376149854156,8.190278615016716],[-80.82383896997169,8.191607981268017],[-80.82421361712183,8.192888844249605],[-80.82405590643698,8.19532758547021],[-80.82378108609956,8.196239998866734],[-80.82334710215751,8.196738984477147],[-80.82280646997461,8.196671087558405],[-80.82062221367705,8.192270937418144],[-80.81969977683023,8.190848256118302],[-80.81758807249246,8.189789698962194],[-80.81692592898887,8.18930858238101],[-80.81235180542355,8.184376124248638],[-80.80837520769339,8.181455879664199],[-80.8051564050687,8.179552385400946],[-80.80451826862453,8.179526300523847],[-80.8015053109068,8.180170716826508],[-80.79943828503659,8.180324709521877],[-80.79760885604404,8.179896618491535],[-80.79525099530889,8.17825520963568],[-80.79384405682028,8.177793042524279],[-80.79296449195841,8.177701257819267],[-80.79023717478867,8.178072528494692],[-80.78818554195747,8.17699325597954],[-80.78583536372125,8.176321711021998],[-80.78503325981853,8.176296329073672],[-80.78439100775574,8.176568434984366],[-80.78397249336719,8.177340962195894],[-80.78314124103186,8.178203545442832],[-80.7824370455857,8.179238922829343],[-80.78157029924752,8.180104880927091],[-80.78046431797543,8.180869857147258],[-80.77726866599716,8.182336960585829],[-80.77612814251493,8.183130786511978],[-80.77483980962204,8.183601573173673],[-80.77412144658716,8.1835805124497],[-80.78193292616186,8.172833504644487],[-80.78287226442406,8.169712106836222],[-80.7798634310406,8.16934691519699],[-80.77984112726966,8.169001504800894],[-80.7788984618706,8.16773409189852],[-80.77888814894298,8.167241036971307],[-80.77920313824715,8.167067192310547],[-80.77937266508218,8.166753525512169],[-80.779354502489,8.166096995714698],[-80.77909856710441,8.16517431506439],[-80.77878639453971,8.164737533236979],[-80.77863159670103,8.164008887386176],[-80.77840027515553,8.163615903951705],[-80.77819334758415,8.1621748738716],[-80.77786282017941,8.161742285612425],[-80.77751671067715,8.160777090756246],[-80.77747353065884,8.157912835474972],[-80.77682615902106,8.156491057980427],[-80.77662216867306,8.156511987053785],[-80.77600305799936,8.156073657151444],[-80.7752799410839,8.156294514125424],[-80.77449244198304,8.155946806866769],[-80.77385865825043,8.156277610993056],[-80.7735349360218,8.156293389972655],[-80.77189118711019,8.154535057770104],[-80.77025152905445,8.153925672932033],[-80.76951530077685,8.15417881522108],[-80.76782678801005,8.15395883239292],[-80.76712079507925,8.15440912606658],[-80.76604568880283,8.154810207497391],[-80.7658136077033,8.154694974228331],[-80.76548635576269,8.154183385446315],[-80.76521403538825,8.154064238133836],[-80.76331966595679,8.154549854818818],[-80.76296221442796,8.15451464655579],[-80.76264658863057,8.154257144359104],[-80.76220521010227,8.153325941047195],[-80.76186454778426,8.152927927543146],[-80.76106219740501,8.152414585246149],[-80.76021658884167,8.152264072470283],[-80.7602424571516,8.151675296667952],[-80.76001023215984,8.151394671975007],[-80.75975103079638,8.151339675272187],[-80.75921234165189,8.15160400548749],[-80.75880144400492,8.151634134882835],[-80.75839508570321,8.15098112104746],[-80.75834167309112,8.15041222882412],[-80.75876385778992,8.149980369142519],[-80.75885762453615,8.14967873422533],[-80.7583804668072,8.149363820142511],[-80.75779917534999,8.149337650636943],[-80.75660358177666,8.15009606372608],[-80.75651667424442,8.149860147096794],[-80.75620990681311,8.149765026742148],[-80.75569661718382,8.149096996691961],[-80.75489109999323,8.148410395723932],[-80.75283767109597,8.148002415877732],[-80.75211552976697,8.146275438577861],[-80.75162160134613,8.14569268194741],[-80.75036679795411,8.145967250564594],[-80.74922687360119,8.145235155172642],[-80.74827738108928,8.144866199531208],[-80.7476106415781,8.145129526855179],[-80.74671006732227,8.1449038148134],[-80.74626859873995,8.14508411517572],[-80.74614968588335,8.14463523136442],[-80.74543432710706,8.144626202835552],[-80.74482908649864,8.144266987076202],[-80.74452731705234,8.144276599749652],[-80.7441017432638,8.143854871941153],[-80.74325754273997,8.144202676397914],[-80.7428191254114,8.14422364015744],[-80.74311798889993,8.143980745074675],[-80.74330826143245,8.14331856375351],[-80.74244031410127,8.142681000527675],[-80.74195008085634,8.142495019651205],[-80.74156003016765,8.141866834262462],[-80.74153723108539,8.141531117719165],[-80.74174164118257,8.141292904138721],[-80.74242804665172,8.141648198569845],[-80.74275771597289,8.141635459988652],[-80.74346908325941,8.14048468067252],[-80.74392247888645,8.140130801258858],[-80.74443261590548,8.140338995094448],[-80.74498564272406,8.14031362578215],[-80.74548393885952,8.140464407831782],[-80.74532122296733,8.141154753384006],[-80.74508063220395,8.1413723985778],[-80.74500332847414,8.141707203696638],[-80.74530888359129,8.142331943627141],[-80.74556764515957,8.142485698669041],[-80.7458557408399,8.142412396062339],[-80.74627968756141,8.141557542043941],[-80.74623878506307,8.141289250543679],[-80.74591412702293,8.141249868234778],[-80.74583430255657,8.141070178322641],[-80.74636415529483,8.140633724162695],[-80.74660124731206,8.140699256910448],[-80.74675513916895,8.141215866437403],[-80.74716198075005,8.140705325861893],[-80.74753008790293,8.140575436722534],[-80.74842029693802,8.14078738222997],[-80.74980061055778,8.14051811567598],[-80.7501991168188,8.14060893180074],[-80.75074553558204,8.141705087241618],[-80.7511499212459,8.142018971293606],[-80.7512344962306,8.142468706587332],[-80.75153721128846,8.142776891765298],[-80.75188199450088,8.142151033682644],[-80.75209514640741,8.142028944129665],[-80.75240733722185,8.14204116774848],[-80.75283333720425,8.142395261149954],[-80.75310591562781,8.14229928877454],[-80.7531222264688,8.141957951141183],[-80.75264115634084,8.141356020957215],[-80.7527129956536,8.141048870820145],[-80.75340409383071,8.140892513352899],[-80.7544148058493,8.141347601764819],[-80.75463358176613,8.141325749161206],[-80.75511628616167,8.140667830365448],[-80.75505934135266,8.140203972603288],[-80.75459376974607,8.140142604223126],[-80.75414557531043,8.140517573884308],[-80.75384507670441,8.140588336804191],[-80.75342973130705,8.14051288306742],[-80.75326361982154,8.140303608843135],[-80.75359661681132,8.139378584832821],[-80.75336988981994,8.138618549395394],[-80.75373822241362,8.137891785860564],[-80.75384708149356,8.137226557211065],[-80.75332800625712,8.136332774456957],[-80.75275145536516,8.136232415187541],[-80.75241774432902,8.135944063108326],[-80.75203807314898,8.134888875050354],[-80.75202880170758,8.134305086584385],[-80.75259078173247,8.133988795333256],[-80.75349854057254,8.133999926492397],[-80.75450926762483,8.133266991351903],[-80.75598878178887,8.133040135954335],[-80.75625753738888,8.132757167547137],[-80.75666781447741,8.13263597775957],[-80.75765763552877,8.132532015878153],[-80.75784275759285,8.131939930854585],[-80.75774487592679,8.131623484617206],[-80.75687820723141,8.132394015741658],[-80.75658188396338,8.132320961273235],[-80.75685422148972,8.131299617161627],[-80.75631892884122,8.13100191497437],[-80.75610953777456,8.130509125326556],[-80.75633592294538,8.12989879035729],[-80.75661260153504,8.12966851862628],[-80.75691251667949,8.129723309760102],[-80.75809535613452,8.130813445466895],[-80.75866240509811,8.130809029122151],[-80.7590534150425,8.130590022708198],[-80.75857462886755,8.130387737271597],[-80.75827931271212,8.129991380587244],[-80.75865885572071,8.129532263383183],[-80.75898453824097,8.129420699501702],[-80.75982600697128,8.129691081097224],[-80.76023746070337,8.129609972139617],[-80.76193413398057,8.127972465105673],[-80.76271022676141,8.128222368834674],[-80.76318390423305,8.127144009900226],[-80.76385104979268,8.126669801604313],[-80.76437075916537,8.126679097783763],[-80.76487890800553,8.127029556514982],[-80.76508830982786,8.127017089902136],[-80.76507391310977,8.126621094600537],[-80.76404478041991,8.125370884350657],[-80.7636762256726,8.124333772569083],[-80.7637773100589,8.123940872678627],[-80.76515896329617,8.123899197897003],[-80.76626150660644,8.124892442612468],[-80.76666586707314,8.124259297674811],[-80.76784731854404,8.124567277461868],[-80.7678211620295,8.124751562214248],[-80.76732565903606,8.125120876177528],[-80.76730973358472,8.125343804276637],[-80.76754838865949,8.125471430582829],[-80.76799717933318,8.12532569359034],[-80.76825612587251,8.125524399172505],[-80.76794852821982,8.12584090060371],[-80.7680517618118,8.12631935040255],[-80.76870497234208,8.126228891805757],[-80.76918973409364,8.126641727305708],[-80.76947023718066,8.12669993270329],[-80.76949858167205,8.127455519647318],[-80.7692508202481,8.12768228820838],[-80.76924663829325,8.127930219177545],[-80.76938092167732,8.128145019311184],[-80.76963411350275,8.127903639965947],[-80.76973495834454,8.128317288375785],[-80.77000129735865,8.128125705894796],[-80.77046756635835,8.12731131007963],[-80.77066493041156,8.127398810202614],[-80.7707804004441,8.127993393282624],[-80.77099793043139,8.127964949469238],[-80.77123267845496,8.127512915111184],[-80.77165433075687,8.12769037372642],[-80.7717888782579,8.127297000242805],[-80.77203363686031,8.127181654518683],[-80.77238995605256,8.126622422328348],[-80.77272562492973,8.1254832196529],[-80.77289615514718,8.125241950250814],[-80.7731863975478,8.125153324947116],[-80.77488263208919,8.12583053704967],[-80.77576484679366,8.126418792853046],[-80.77588747623494,8.1267759234179],[-80.7762160563621,8.12649485653978],[-80.7764087918474,8.126539916521041],[-80.77655535602818,8.126740862635684],[-80.77645822071173,8.12716200888061],[-80.77677431854458,8.127396834561235],[-80.77722406188047,8.127316115502564],[-80.77734478528563,8.126985858714647],[-80.7779505409245,8.127288884421052],[-80.7785128093119,8.126807275682273],[-80.7789856041035,8.12707680998861],[-80.7792625698718,8.126849344736037],[-80.7792553898788,8.127310844269893],[-80.77998443289243,8.127937299993741],[-80.78013489499534,8.127837111834161],[-80.78023401569303,8.127370588378572],[-80.78052007023224,8.127418355301106],[-80.7807388466375,8.127266076740394],[-80.78096702170525,8.127496621267941],[-80.78164166685941,8.127656270532407],[-80.78216692589044,8.12814638149215],[-80.78298124485822,8.12777532628576],[-80.78441905870424,8.128032374439025],[-80.78544985637764,8.126918053224644],[-80.78608068547467,8.127026805018518],[-80.78691399741822,8.126731470211475],[-80.78728776225336,8.12564667186661],[-80.788382694664,8.125722396975336],[-80.78858806528659,8.125881311823909],[-80.78918074684718,8.1251601470203],[-80.78945108684255,8.12517258611254],[-80.78971173884652,8.125526613822753],[-80.79008102256029,8.124817677313214],[-80.79078334436258,8.124923376876136],[-80.79119179225633,8.124111866018405],[-80.79173036952415,8.123656334118103],[-80.79177982835014,8.122483125783326],[-80.79263565656122,8.12206724898832],[-80.79230378031879,8.120552843605005],[-80.7929815997807,8.120655287549363],[-80.79360389489818,8.12010716019626],[-80.79429472681247,8.119913736564408],[-80.79455171620408,8.119066046714382],[-80.79479459750804,8.119118526965947],[-80.79506341991066,8.11897830058048],[-80.79555136894501,8.118243904627294],[-80.79566513092944,8.117164098222565],[-80.79593773480293,8.116590821414906],[-80.796226157169,8.116533007137102],[-80.79702554620991,8.116842927112085],[-80.79749491815882,8.116776108700721],[-80.79782401951864,8.117062491011467],[-80.79833678781453,8.1170706365263],[-80.79839432213663,8.11592443118601],[-80.79859021423708,8.115936508808607],[-80.79899955842997,8.116416277239553],[-80.79937882166286,8.116044724330655],[-80.79983251428192,8.115895921983276],[-80.7996801270032,8.115122102898638],[-80.80062814531202,8.115032887840488],[-80.80078799531651,8.114895206554957],[-80.80092250704246,8.114319968078128],[-80.80182960857191,8.114344289481528],[-80.80274420448438,8.113539672792024],[-80.80253743975476,8.112905271131657],[-80.80261773904806,8.112711474135912],[-80.80350207656633,8.11280718641611],[-80.80416871968175,8.11235316241103]]]]}},{"type":"Feature","properties":{"OBJECTID":9,"PROV_ID":"09","DIST_ID":"10","CORR_ID":"08","CODIGO":"091008","CORR_NOMB":"LOS ALGARROBOS","SHAPE_Leng":50881.2514214,"CORR_FEAC":"2019-01-08T00:00:00","ID1":25,"CORR_LEY":"LEY NL53 DEL 22 DE NOVIEMBRE DE 2002","Shape_Length":50881.403775455896,"Shape_Area":62804012.00892248},"geometry":{"type":"MultiPolygon","coordinates":[[[[-80.99284302252576,8.121363025150469],[-80.99256574469493,8.12120870755791],[-80.99235079112044,8.120853946273039],[-80.99227197231393,8.119900301131224],[-80.99170960602689,8.119487343936624],[-80.99163866626567,8.118438849447255],[-80.99215329596353,8.116948137410846],[-80.99195541186592,8.116358316121945],[-80.99142919193616,8.115522282917285],[-80.99063003224342,8.11488781462144],[-80.98974831976818,8.11445936215723],[-80.9885612925655,8.114167718894025],[-80.98842799723606,8.113762114740942],[-80.98848636955427,8.112937207132592],[-80.98872472198215,8.112655446340634],[-80.98912560147623,8.112526046824696],[-80.99001456680509,8.112964127074854],[-80.99048940187213,8.112371661517345],[-80.99068433662829,8.112320923454238],[-80.99109243726528,8.112541848223506],[-80.99160621474941,8.112486554013348],[-80.99252808600046,8.113065164936776],[-80.99292801863982,8.112585178717996],[-80.99373013000282,8.11246725837255],[-80.99382691012201,8.112022668774538],[-80.99400418836538,8.111931689925825],[-80.99451431731302,8.112295875464607],[-80.9947475377321,8.112282640441862],[-80.99498279244382,8.112695936127786],[-80.99530485512585,8.112671446549582],[-80.99536988884445,8.112368812752965],[-80.99579676382356,8.112189495677935],[-80.99602060587178,8.11253901170129],[-80.99650266914104,8.112527811458015],[-80.99659039317177,8.11279967755269],[-80.99687049874095,8.112844039858825],[-80.99703855822588,8.113103946496317],[-80.99925904319089,8.112488008388107],[-81.00892449983934,8.081346658875107],[-81.02602712749959,8.074116609006285],[-81.04997234526478,8.059287047671171],[-81.05046846566246,8.059276602646419],[-81.05070253251822,8.059557118002301],[-81.0509555189803,8.059582665575386],[-81.05112507147149,8.059339072012747],[-81.05134557482758,8.059344363229043],[-81.05148629706663,8.059102512579658],[-81.05167611368947,8.059096943795856],[-81.05183300796551,8.05918463844533],[-81.05182204624984,8.05953433347482],[-81.05211331207035,8.059597878454857],[-81.05219707760918,8.059332475733278],[-81.05269000291206,8.059424190388379],[-81.05320029959132,8.060072433492099],[-81.05351376637769,8.059825430898506],[-81.05379556612773,8.060084658638376],[-81.05414785213718,8.059596105126875],[-81.05433392985168,8.05959153965852],[-81.05439776898125,8.060366041508274],[-81.0545285796124,8.060508600579125],[-81.05499320665938,8.060486269345494],[-81.0551839997878,8.06013438821978],[-81.05554111768839,8.060063305501457],[-81.05619055122143,8.060462380584447],[-81.05687714221655,8.060437419765863],[-81.0572128157621,8.060934949195591],[-81.0574596920468,8.060756400367486],[-81.05740156162275,8.060429514159994],[-81.05800714105085,8.060151042097448],[-81.05847473343357,8.060292973202246],[-81.05851469091529,8.060573110062734],[-81.05882505082435,8.060620853146558],[-81.0588753371379,8.060846352621287],[-81.05902591774903,8.060764938450438],[-81.05918029770925,8.060953942291809],[-81.05994917982746,8.060935205847734],[-81.0603805103144,8.060115540401481],[-81.06083911822499,8.060140782884062],[-81.06091449398014,8.059924129612082],[-81.06114645271084,8.059883697780164],[-81.06121796844388,8.05959541353077],[-81.0615306448659,8.059660557812043],[-81.06186405685554,8.058805428926478],[-81.06175375587338,8.058491888819395],[-81.06189170750955,8.058443628246433],[-81.06203189105155,8.05862320773938],[-81.06205607019537,8.058351628526065],[-81.06245097535611,8.058383734458758],[-81.06277326181542,8.057774446640463],[-81.063233663952,8.05807864289517],[-81.063384575088,8.057812199991316],[-81.06381257377238,8.057705993449359],[-81.06408330705676,8.057036424203877],[-81.06469810351084,8.056902760581927],[-81.06456687560289,8.056341176353595],[-81.06484501227166,8.055898105333512],[-81.06528238707808,8.055801250665038],[-81.06516732198445,8.05555962502304],[-81.06528373586448,8.055405542243],[-81.0657953826278,8.055414234660674],[-81.06599903254472,8.055270151073614],[-81.06608329498268,8.054979294963895],[-81.06575253225543,8.054798888090922],[-81.06582498380234,8.054435714047335],[-81.06666195881262,8.054588278216078],[-81.06691328051501,8.05438756144497],[-81.06692653582543,8.054096354004615],[-81.06775808682973,8.054221147067594],[-81.06827357646337,8.053671021377156],[-81.06861007180885,8.05390681643939],[-81.0694598667146,8.05395108246163],[-81.07111338879356,8.05256657714774],[-81.08983500574088,8.043979958154742],[-81.09359037671133,8.039866036764268],[-81.09448791043796,8.040606585695867],[-81.09478053693334,8.041128287667485],[-81.09492019248897,8.042392960767716],[-81.09433565358613,8.044363010438767],[-81.09438023360664,8.045165670023346],[-81.09405302391353,8.045507824122755],[-81.09256159613267,8.046129368723888],[-81.09217883142637,8.046508648540337],[-81.09216167532662,8.047112216671675],[-81.09247829669725,8.047506308632196],[-81.09298944387918,8.047826210186344],[-81.09308457398953,8.048265606496699],[-81.09252220714167,8.05002431226354],[-81.09215024544675,8.050806795476422],[-81.091716823323,8.051279120280824],[-81.09227029722233,8.051612144546606],[-81.0938412702682,8.051810521141068],[-81.09515369822303,8.052645199067651],[-81.09544481911537,8.053366147044123],[-81.09540084758159,8.054304447078675],[-81.09476084046113,8.05474966202575],[-81.09378028251074,8.055054711351376],[-81.0937168991999,8.0554273360555],[-81.09549146268402,8.056721155828368],[-81.09618008180263,8.05754174712836],[-81.09652471433753,8.058339741208245],[-81.09739679699409,8.05842786357373],[-81.09981312349534,8.059274149917796],[-81.10017963591076,8.060380159615036],[-81.09984379843632,8.061205453842057],[-81.09849618060042,8.062692249052803],[-81.09823444568275,8.062816646974365],[-81.09739516549126,8.062455725926585],[-81.09688834505025,8.06166066030166],[-81.09609659926792,8.060895260521031],[-81.09549334387904,8.06083946763319],[-81.09515255450815,8.061279414899474],[-81.09522274080643,8.06283268264073],[-81.09490484338528,8.063494567813361],[-81.09418971780657,8.063831122803252],[-81.09240827394575,8.063868658392192],[-81.09220804220632,8.064138918343353],[-81.09235817260857,8.065177819749808],[-81.09278317165914,8.065700972341025],[-81.09523128432774,8.06597286331473],[-81.09549400646887,8.066194563769322],[-81.09505627948116,8.067538497682657],[-81.09398992621306,8.069785726758194],[-81.09394502824665,8.070981075163775],[-81.09427194041278,8.071906819826904],[-81.09384703970296,8.07299488702788],[-81.09370197231756,8.074067184976485],[-81.09318398784302,8.075318739547559],[-81.0930823769866,8.075981292860467],[-81.0931651506198,8.076155596362284],[-81.0941300800233,8.076710011761094],[-81.09457265269019,8.0774296997041],[-81.09460490900956,8.077798164636684],[-81.0937772026784,8.080723467004514],[-81.09332253084858,8.081295303122417],[-81.09230527504297,8.082070665182048],[-81.09164800868854,8.083452233731258],[-81.09118811712742,8.08409166570373],[-81.09135784228924,8.084472682412466],[-81.09244800320997,8.084821013124484],[-81.09267768510688,8.085708912228354],[-81.09282633194171,8.087635526637948],[-81.09459418558156,8.088829331208204],[-81.09477218846389,8.089331813781412],[-81.09410828774107,8.090787484511614],[-81.09398783371103,8.092146887488695],[-81.09275455419278,8.093370014545883],[-81.09251730572298,8.093790238243537],[-81.09266465822195,8.095288238408056],[-81.09305787294714,8.09573422511788],[-81.09328926644753,8.096362398583027],[-81.09288790146061,8.096516752069144],[-81.09190106181717,8.0965634674936],[-81.09033689005598,8.097334741140203],[-81.08966657014378,8.0978488389052],[-81.08991876519758,8.09814573272155],[-81.09123583856106,8.098938729837167],[-81.09100235436738,8.099510373410203],[-81.0913103071516,8.099542930828546],[-81.0911562112303,8.09964697766728],[-81.0911464914299,8.099963623867481],[-81.09086470498309,8.100001505041655],[-81.09107935355372,8.100252977235906],[-81.09080678285932,8.100470811089057],[-81.09119732429522,8.10082566664182],[-81.09105909380047,8.10119155898979],[-81.09133690636594,8.101016802985365],[-81.09126802052582,8.10125484798082],[-81.09145220762917,8.101204759801405],[-81.0915792569879,8.101336432854334],[-81.09154774052898,8.10144371411066],[-81.09126699661321,8.101323090163826],[-81.09122751033284,8.101614135191921],[-81.09148150107237,8.101591348787831],[-81.09155071826736,8.101783670402584],[-81.09140565965743,8.101849216759833],[-81.09140416917202,8.102037926084755],[-81.09124021987581,8.102022585439945],[-81.091286026914,8.102221651227405],[-81.09194160595362,8.102063943181996],[-81.0917446128321,8.10223326588614],[-81.09189562386364,8.102290951217268],[-81.0918029593268,8.10288343680647],[-81.0916216738671,8.102779310520155],[-81.09158850949962,8.103069578941998],[-81.09140304113896,8.103056640256277],[-81.09126574191716,8.103795586836556],[-81.09093056302281,8.104212659128848],[-81.090626989056,8.104225044858968],[-81.09012849391203,8.10461728306477],[-81.08980672625675,8.104560868537126],[-81.08979464175937,8.104775314611883],[-81.08917582476289,8.104973741269932],[-81.08895762579124,8.105251156438062],[-81.08906001378124,8.105741218218496],[-81.08875085411282,8.106240356448502],[-81.0887903453835,8.107236945391849],[-81.08850689551765,8.10778650102969],[-81.08810665867725,8.10816757136683],[-81.0879355760487,8.10887435010068],[-81.08758761225408,8.109254867723084],[-81.08711291901331,8.10948063919935],[-81.08713249608977,8.109969778335307],[-81.08646153372042,8.111038727030333],[-81.086257910357,8.11213136015614],[-81.0857703146045,8.113084929694574],[-81.08582962690195,8.113485412800449],[-81.0861825644495,8.11381527992476],[-81.08594370608863,8.114094099852386],[-81.0859276349318,8.114549850504828],[-81.08609801329281,8.114588196366382],[-81.08590524855865,8.114875988695502],[-81.08618135053402,8.115228240584775],[-81.08618254011968,8.115622470976074],[-81.08540155178953,8.115641816459107],[-81.085230287316,8.115780967502593],[-81.08451762451617,8.115606006117865],[-81.08431589816621,8.115797768073326],[-81.0843045343163,8.115552494627549],[-81.08411273099173,8.115753342436983],[-81.08386962478374,8.115581603268065],[-81.08339634457342,8.115680500766421],[-81.08276036871231,8.115316908464694],[-81.08239309015688,8.115286420012986],[-81.0816576134462,8.115570382278063],[-81.08119318190806,8.115981330528653],[-81.08084617420938,8.116080408829221],[-81.08063094289724,8.116495570939092],[-81.08002043507571,8.116693141835707],[-81.07958777852348,8.11701648545068],[-81.06917364829292,8.113672519889407],[-81.06036873915154,8.105732682792574],[-81.06045891991221,8.106570079441015],[-81.06072281508352,8.10696028580262],[-81.06046379643155,8.108056028559988],[-81.06069933946631,8.108835993478504],[-81.06064416108718,8.109254501755267],[-81.06040771479391,8.109472275647036],[-81.06046857521198,8.112289214555823],[-81.06090438160113,8.113061253586485],[-81.06102822055264,8.113793731439232],[-81.06085761013732,8.113909027375572],[-81.06084768968691,8.114173308487116],[-81.06109887540084,8.1142286528599],[-81.06127592730144,8.114858830680069],[-81.06114674716393,8.114982446880694],[-81.06124022808314,8.115109546512342],[-81.06093145978699,8.115198631280071],[-81.06082281151079,8.115942667794837],[-81.0609788862672,8.1163054639041],[-81.06161738946057,8.116727623390348],[-81.06159139109177,8.117032765425273],[-81.06186338077683,8.117356072686166],[-81.06153620349954,8.117659997603221],[-81.06171128090166,8.117970816902256],[-81.06160411503319,8.118448698595973],[-81.0612348624132,8.118710604248765],[-81.06095772466858,8.119410648788486],[-81.06112250610006,8.119720832145893],[-81.06146967263,8.119872847327448],[-81.0615728624034,8.120259542975539],[-81.06119562882137,8.120860052552903],[-81.06145687550217,8.121161252622736],[-81.06136943962082,8.12144806320592],[-81.06147947135491,8.121788120143991],[-81.06104756334715,8.12207019928562],[-81.06097787750099,8.122471671428077],[-81.06116593611507,8.123412307745102],[-81.06126589528762,8.124872151382752],[-81.06117660856026,8.125219027856042],[-81.06088228542848,8.125049539552073],[-81.06061822667459,8.124557114237279],[-81.06016025361836,8.124968620143893],[-81.05967618053113,8.124641809887079],[-81.05954389966305,8.124993465627274],[-81.05936534101865,8.125012742343822],[-81.05894691625178,8.123797259663453],[-81.05836807548229,8.123607245701244],[-81.0580858429369,8.123078563322494],[-81.05768207021775,8.12275422758095],[-81.05669613305875,8.122367449581505],[-81.05655179193533,8.121971577249827],[-81.05624777042972,8.12166469665017],[-81.05638286756852,8.121381972727203],[-81.05674322303506,8.121405501541298],[-81.05679141331098,8.121247160642168],[-81.05640377543271,8.121020596818324],[-81.05600866686504,8.120540663855811],[-81.05570341425756,8.120451743282487],[-81.05461239250597,8.120645840151303],[-81.0544901086244,8.120921971239122],[-81.05429575007234,8.120820255272285],[-81.05432349326274,8.121324846471234],[-81.05399959610321,8.121135486820634],[-81.05409353927536,8.12177887690879],[-81.0536518412821,8.122282974866772],[-81.05360803081167,8.122711947021402],[-81.05313977004327,8.123137827886715],[-81.0528000680512,8.123854672487628],[-81.05273053462987,8.124376347002741],[-81.05238503976709,8.124863559411294],[-81.05205432098124,8.124801489158056],[-81.05150858851214,8.125131302208452],[-81.05076534499794,8.12500891329349],[-81.05002789815028,8.125424788994954],[-81.04871318045687,8.125248053030564],[-81.04846410178867,8.125041199626649],[-81.04770183070445,8.123681314732083],[-81.0465638159013,8.1227627958394],[-81.04662647695312,8.122244970128891],[-81.04607747320486,8.122298532254973],[-81.045241205089,8.121015529457628],[-81.04486593861833,8.120894022115703],[-81.04483761930338,8.119998794070879],[-81.04431742618515,8.120041164975445],[-81.04387969312904,8.119804905074586],[-81.0438632941781,8.11965264757865],[-81.04406423218708,8.119561658009518],[-81.04409678493897,8.119173452424553],[-81.04380994018996,8.119004277383363],[-81.04362725941989,8.118625998845218],[-81.04324007665754,8.118548505748363],[-81.04352314415654,8.117885672036216],[-81.04310044135643,8.117780181346214],[-81.04290407674716,8.117397764682012],[-81.04080525032018,8.125715829932647],[-81.04042757841003,8.125879230213773],[-81.04028600830249,8.126289541643732],[-81.04013197576586,8.126298700962522],[-81.03960202450406,8.125511943050824],[-81.03895964830436,8.125753651002524],[-81.03872860631502,8.125319822092838],[-81.03884214970681,8.125087728238833],[-81.03868997971549,8.124626907225593],[-81.03823883750522,8.124904939716812],[-81.03714277041185,8.124699603547551],[-81.0369703733545,8.124897797050885],[-81.03691135952207,8.125336596763615],[-81.0367616398588,8.12536550525681],[-81.03651612279197,8.124727133260835],[-81.03685281150061,8.124375393156633],[-81.03645761422842,8.12390001459208],[-81.03628190869958,8.124009250160713],[-81.03601820382995,8.125005133118416],[-81.0358882810592,8.125087756222852],[-81.03570417544061,8.124742540160621],[-81.03574055896543,8.124199484187429],[-81.03541855657731,8.123817817666408],[-81.03519863654937,8.123021265766537],[-81.03473908851457,8.122627235407288],[-81.03491678331216,8.122231163949454],[-81.0344373019057,8.1220912845098],[-81.03404954293082,8.122315150717332],[-81.0338265389464,8.122252072438727],[-81.03410626781468,8.12136431840138],[-81.03396337136056,8.121171649459871],[-81.03401437642634,8.120831419550075],[-81.03421442026848,8.12082423965255],[-81.03456990403494,8.121143542874414],[-81.03472138929452,8.120709303502256],[-81.0342609971335,8.120354227966038],[-81.03362220829173,8.120362540677364],[-81.03321259540066,8.120110994536644],[-81.03324687868096,8.119843498218108],[-81.03363755314307,8.119565231973864],[-81.033789758226,8.119234668757569],[-81.03302586073123,8.11892831783934],[-81.03314951110235,8.118163830938718],[-81.03291817966631,8.117467414893325],[-81.0334419628298,8.117274865861368],[-81.03304134961544,8.11702493971204],[-81.03301983384402,8.116731480071403],[-81.03260995686189,8.116362681877394],[-81.03169794505024,8.116006906566446],[-81.03141850204369,8.115652990399127],[-81.03095422285148,8.115608573640472],[-81.03107301599388,8.114662771415112],[-81.03071039856228,8.114494536289758],[-81.02433705693863,8.11876284552721],[-81.0237526914456,8.11889663315009],[-81.02314322093363,8.118839877883515],[-81.02201041018658,8.118203683762886],[-81.02040730393459,8.121807015336588],[-81.01998328292031,8.12228435112116],[-81.01978354108746,8.12278864657905],[-81.01830001687148,8.123032610707357],[-81.0168931423179,8.123574595556693],[-81.01661736896124,8.123976367283026],[-81.01655883312446,8.12507524853296],[-81.01596399333835,8.125573772449107],[-81.01610536554642,8.125892209123794],[-81.01598987303544,8.126156722139656],[-81.01560909087384,8.126395042387761],[-81.01516087244553,8.12627998251393],[-81.0149781341236,8.126483167453795],[-81.01492951831273,8.126837077968698],[-81.01453536609854,8.126956998461383],[-81.01448500782855,8.127359352141019],[-81.01389796611562,8.127574088317406],[-81.01350504245498,8.127302116102506],[-81.01288715591706,8.127698430259699],[-81.01222282001837,8.127453603618862],[-81.01212506547131,8.127332756885568],[-81.0123488325387,8.127136154398219],[-81.0123412406345,8.126880546043235],[-81.0116203719964,8.126538193365475],[-81.01104268294006,8.126577430739507],[-81.01019617305134,8.126935504410861],[-81.00919554142094,8.126928614790636],[-81.00820489765454,8.126299700680354],[-81.00790993415157,8.12534650725942],[-81.00753491890404,8.125076539705598],[-81.0069896472471,8.125056831156405],[-81.00690389122794,8.124609872803658],[-81.00543518115713,8.124723825851463],[-81.0048405022208,8.12429634216379],[-81.00446793811913,8.123697075755006],[-81.00407639139381,8.123674362093904],[-81.00361969681715,8.1239907644186],[-81.00306804201644,8.123869156734388],[-81.00254640004978,8.124105270483563],[-81.00129003591192,8.124348713408885],[-81.00044463311423,8.123904489829894],[-80.99990169426785,8.124492269325122],[-80.99968343078746,8.124551934231418],[-80.99903484844965,8.124119150389776],[-80.99852992808947,8.12425544194082],[-80.99644605307586,8.12411588506013],[-80.99612240520376,8.123796673664092],[-80.99633586890687,8.123020085118156],[-80.99589597936072,8.122061837724768],[-80.99555986985338,8.121561402740072],[-80.994486174054,8.120890384420214],[-80.99388324151369,8.119784474655939],[-80.9936801519298,8.119915717254257],[-80.99371170740618,8.120461758463437],[-80.99351200732667,8.120901939253057],[-80.99335426020153,8.120982106076799],[-80.99323911012674,8.120697580665656],[-80.99308925171108,8.120688146405096],[-80.99284302252576,8.121363025150469]]]]}},{"type":"Feature","properties":{"OBJECTID":10,"PROV_ID":"09","DIST_ID":"10","CORR_ID":"03","CODIGO":"091003","CORR_NOMB":"LA PE�A","SHAPE_Leng":83411.4919676,"CORR_FEAC":"2017-10-30T00:00:00","ID1":493,"CORR_LEY":"LEY No 58 DEL 29 DE JULIO DE 1998","Shape_Length":83000.23834191612,"Shape_Area":117126466.59510925},"geometry":{"type":"MultiPolygon","coordinates":[[[[-81.02424455956003,8.118798389010403],[-81.03071039856228,8.114494536289758],[-81.03096457790791,8.11455273480483],[-81.03107609997797,8.114693130599298],[-81.03095120811993,8.115605400707512],[-81.03141850204369,8.115652990399127],[-81.03169794505024,8.116006906566446],[-81.03260995686189,8.116362681877394],[-81.03301983384402,8.116731480071403],[-81.03304134961544,8.11702493971204],[-81.03344268004479,8.117276377305673],[-81.03291817966631,8.117467414893325],[-81.03314951110235,8.118163830938718],[-81.03302586073123,8.11892831783934],[-81.03378974821607,8.119234368447803],[-81.03363755314307,8.119565231973864],[-81.03324687868096,8.119843498218108],[-81.03321259540066,8.120110994536644],[-81.03362220829173,8.120362540677364],[-81.03426086732654,8.120354185463121],[-81.03472138929452,8.120709303502256],[-81.03456990403494,8.121143542874414],[-81.03421442026848,8.12082423965255],[-81.03401438096417,8.120831410504197],[-81.03396338770851,8.12117175709995],[-81.03410626781468,8.12136431840138],[-81.0338265389464,8.122252072438727],[-81.03404954293082,8.122315150717332],[-81.0344373019057,8.1220912845098],[-81.03491678331216,8.122231163949454],[-81.03473872079354,8.122626140933356],[-81.03519919762618,8.123022468769287],[-81.03541855657731,8.123817817666408],[-81.03574093032515,8.124200619364775],[-81.03570118735331,8.124723641665003],[-81.03587201573681,8.12508008436208],[-81.0360123221404,8.125019534975374],[-81.03601849025573,8.124654313427039],[-81.03640488428698,8.123896998117248],[-81.03685218310879,8.124372693132553],[-81.03651564134582,8.124733286051358],[-81.03678740677361,8.125377411324394],[-81.03691319736322,8.125333249762926],[-81.03696967548957,8.124899723805216],[-81.03714162581052,8.124700044167763],[-81.03823883750522,8.124904939716812],[-81.03870285986774,8.124631477594786],[-81.03884225158177,8.125089908193884],[-81.038728766138,8.125320479685259],[-81.0389867531941,8.12577387504075],[-81.03940648932996,8.125504449754459],[-81.03962212425209,8.125520613011298],[-81.04020705180898,8.126331045670389],[-81.04043524970852,8.125871044181515],[-81.04080525032018,8.125715829932647],[-81.04044874196666,8.127128839890315],[-81.04264757612556,8.126289983828224],[-81.0453828352297,8.125524722016332],[-81.04578952066177,8.125556962531096],[-81.04716202401647,8.126549433988224],[-81.04804632836786,8.127660870770761],[-81.0497046335347,8.127804444185601],[-81.05166416909445,8.128494328655371],[-81.05340153961093,8.128835495614993],[-81.05400312648621,8.129143189078038],[-81.05871980679422,8.133585952144312],[-81.05914955135881,8.134297018239332],[-81.06099089300946,8.135456177016472],[-81.06205968753015,8.135789556734137],[-81.06502507284112,8.135722204287323],[-81.06609772801521,8.136125542295432],[-81.06818024505067,8.137450422691176],[-81.0696847169183,8.13793322985988],[-81.07098111095522,8.138719482387895],[-81.07531072693287,8.156567470017015],[-81.07523453917669,8.156664505053685],[-81.0750185901975,8.15679361228779],[-81.07427915766043,8.156729924500654],[-81.07374408143474,8.156894685186401],[-81.07273269427047,8.156924556121506],[-81.07220552584376,8.156841285454552],[-81.07145000107941,8.157007545894482],[-81.07078009735669,8.157627773478344],[-81.0702756341228,8.158806586519942],[-81.06932785095374,8.159712915774941],[-81.06912300142686,8.160399914057942],[-81.06869760576772,8.161043878741463],[-81.05389492114155,8.15795637909543],[-81.05518406936095,8.159129781547664],[-81.05814239624179,8.163230622119219],[-81.05859213378503,8.166383554511805],[-81.05853874410802,8.168820674756759],[-81.0588955969324,8.170323229179303],[-81.05895231945928,8.17145876077875],[-81.0592871068553,8.17264808939751],[-81.05992478733032,8.173507449228596],[-81.05927760926905,8.174727749889582],[-81.05914735486468,8.175888702827534],[-81.05932757500818,8.176295246856416],[-81.06002027711236,8.176987165689043],[-81.05996280607829,8.176148329771953],[-81.06025775682913,8.175540275556546],[-81.06069733282992,8.175107792846589],[-81.06105842758004,8.173251514424965],[-81.06128137492279,8.172897291658884],[-81.06172354003206,8.172585030793027],[-81.06204623161366,8.172523611511405],[-81.06261262155007,8.172833691686627],[-81.06306832415677,8.17279954207457],[-81.06364380139394,8.172454191683284],[-81.06408090185522,8.171799071260708],[-81.0656812076258,8.171526439147936],[-81.06593074609887,8.171677869518435],[-81.06590254397369,8.17197999017878],[-81.06505408882366,8.17255585282846],[-81.06502270277257,8.172771742541602],[-81.06520150648971,8.173110130196678],[-81.06579223620719,8.173155573970906],[-81.06670195618888,8.172451185243208],[-81.06678371708377,8.171575665927968],[-81.06712365898487,8.171359284483557],[-81.06755921550975,8.17188557344068],[-81.06833044443266,8.171671103310715],[-81.06861966146296,8.171731084633068],[-81.06943272985862,8.172736360928898],[-81.0695832722079,8.173448801599212],[-81.06991282715602,8.174095260752196],[-81.07013044742216,8.174303680467933],[-81.0704526410706,8.174311963488877],[-81.07095039085915,8.173269587697984],[-81.07156338633482,8.173240296305226],[-81.07184159921707,8.173000520302372],[-81.07160509291454,8.172475249225677],[-81.0719062471298,8.17183523052898],[-81.07234702712584,8.17161238912179],[-81.07287956042742,8.1719615952623],[-81.07314163832709,8.171914881473882],[-81.07378204103829,8.170532806229815],[-81.07420689940764,8.170096553181281],[-81.07466920571305,8.170139585182854],[-81.07549257497324,8.171114517007693],[-81.07606435513902,8.171196511129482],[-81.07636527883557,8.170909724776815],[-81.0761584919339,8.169890912641685],[-81.07663290002961,8.169517798691523],[-81.07699715382874,8.16940656522664],[-81.07746673599279,8.169473968389486],[-81.07800781781017,8.170023125346956],[-81.07841137457181,8.170071845852235],[-81.0790355174641,8.16945797204197],[-81.0793265451069,8.168568585184195],[-81.07955052653624,8.168309492490181],[-81.08117545838557,8.168611917226151],[-81.08179881105272,8.168353497391726],[-81.08158993280325,8.167428268366216],[-81.08204845684057,8.16654326263972],[-81.08227355842605,8.166617107600013],[-81.08233648443064,8.167306423040898],[-81.08254441955683,8.167472854445014],[-81.08289982698136,8.167406809571073],[-81.08365768339542,8.166897597152039],[-81.08403292954314,8.167282740704918],[-81.08436163157707,8.16733964070544],[-81.08418168481654,8.167988038509058],[-81.08450967800879,8.16847883978848],[-81.08574503281024,8.168005162656339],[-81.08623809448136,8.168135360607206],[-81.08631177946839,8.168451181048452],[-81.08614081517487,8.168780091758236],[-81.08483463050648,8.169256334872395],[-81.08469168146068,8.169569848231758],[-81.0849459552081,8.169852767976492],[-81.08667317719274,8.170747025709414],[-81.08667230676124,8.17100027730838],[-81.0862481552438,8.171794220877405],[-81.0862179831559,8.172262081538754],[-81.08637342659168,8.172569863846324],[-81.08695002040164,8.172827029603841],[-81.08784706531158,8.172742065281284],[-81.08816988705482,8.17311001621661],[-81.08796535839666,8.173718884008274],[-81.08668594640915,8.174917603222355],[-81.08658207422681,8.175519100165456],[-81.08607582202984,8.176415787646905],[-81.08726527040518,8.178024322117578],[-81.08636140291813,8.17969117031145],[-81.08685446220213,8.180502041200963],[-81.08698202455886,8.181441273043717],[-81.08736670554585,8.18175913539093],[-81.08779427473455,8.181631615654755],[-81.0883549523277,8.180635353621062],[-81.0900030504557,8.180685794684404],[-81.0903528581046,8.181056709067892],[-81.09058062376317,8.181584307074193],[-81.09041546877114,8.183021161530897],[-81.0901787976373,8.183463926487626],[-81.09024079532529,8.183670252298459],[-81.09165752295195,8.185066416909498],[-81.0934845143741,8.185330628568158],[-81.09504960680691,8.187117098886082],[-81.09554015661544,8.187491435281803],[-81.09879849565665,8.18867569483766],[-81.09978957084377,8.188775484811206],[-81.1001381096581,8.188941724572992],[-81.10025775251103,8.189243778774769],[-81.10015422014928,8.189731438725817],[-81.09900579204536,8.191225907558449],[-81.098532666251,8.19267775937175],[-81.09873996962233,8.193765788374105],[-81.09968458011078,8.194189554583193],[-81.09989982373041,8.195086631356244],[-81.10012094010946,8.19539374027356],[-81.10064834979518,8.195404435539993],[-81.10162017787437,8.194836006235882],[-81.10297462654218,8.19488720832171],[-81.10444324290204,8.196039315601388],[-81.1048821496421,8.19669638460913],[-81.105715250551,8.196498709423102],[-81.10605308818009,8.19655182337655],[-81.10756554887958,8.198208171477072],[-81.10765560064421,8.198549009888605],[-81.10736984417565,8.199278052617078],[-81.10753122633304,8.199564285457466],[-81.10782657250878,8.199663379094144],[-81.10874460589552,8.199452047023838],[-81.10933321204313,8.198900847177134],[-81.10977027986178,8.197923165821148],[-81.10977693137893,8.196474041178545],[-81.11012933818174,8.196143702932483],[-81.11059680989176,8.196175674627455],[-81.11317084363249,8.197839375928837],[-81.11429983990395,8.198964722052429],[-81.1148900500286,8.198973513843569],[-81.11590178732372,8.198717023755934],[-81.11795815024689,8.198867761447021],[-81.11857505144535,8.198723699111678],[-81.11888956391111,8.198852060907173],[-81.11936247484815,8.199453210058824],[-81.11987162891232,8.201010468699872],[-81.12095494675738,8.20142183864037],[-81.1224426053159,8.202645677823892],[-81.1228739553215,8.202736051658196],[-81.12395700950461,8.20254126017833],[-81.12525500785259,8.20401162809532],[-81.12629703579407,8.204471431880757],[-81.12688501828283,8.204590229113057],[-81.12905666770014,8.203238069986265],[-81.12960921796048,8.203226936839128],[-81.13050278343495,8.203632000057056],[-81.13170385357304,8.202859250796568],[-81.13217811933237,8.202718387378955],[-81.13263857448368,8.203020536563795],[-81.13280101449455,8.203765453805739],[-81.13351282118431,8.204561982592615],[-81.1337937689069,8.205225972120587],[-81.13522223730783,8.205536125606029],[-81.13531210068011,8.205779633021363],[-81.1352099030567,8.206158127576199],[-81.13454377925909,8.206753210272412],[-81.13482415654687,8.207630114288241],[-81.13484735555576,8.208394882914456],[-81.13502451547622,8.208760203160326],[-81.13565378593758,8.208905940751093],[-81.13599026725525,8.209288882542586],[-81.13595950044626,8.211119090459068],[-81.13666864466464,8.211456284041617],[-81.13641296631725,8.212333660398544],[-81.13659935080467,8.212429486958754],[-81.13733309970829,8.212206177815043],[-81.13769655832535,8.212471548042235],[-81.13778427327192,8.213168589978467],[-81.13734932081968,8.213458799465228],[-81.13729197095337,8.213717871225635],[-81.13736130728101,8.214150870601019],[-81.1376850037334,8.214586171018121],[-81.1374933120123,8.215194565485433],[-81.13817173091975,8.215682625541051],[-81.13832953599942,8.216389918762523],[-81.13856917085818,8.216605283146496],[-81.13895457630555,8.216620116819684],[-81.1398169117083,8.216129785448098],[-81.14055072799493,8.216249281398246],[-81.14064069414526,8.21648472607868],[-81.140441179723,8.217186096228902],[-81.14048895172695,8.21752491961016],[-81.14078989492636,8.217207518775531],[-81.14092233502568,8.216682709840281],[-81.1412497330969,8.216744337358454],[-81.14146410112495,8.217869776921763],[-81.14135405154191,8.219506511200029],[-81.14216758453962,8.22065980986979],[-81.14312937911845,8.221339129628598],[-81.14284300478309,8.222258610624294],[-81.14290295494196,8.223299563438061],[-81.14341409870327,8.223853412088058],[-81.14391319632755,8.223931473080194],[-81.14379063695166,8.224757595091859],[-81.1445286033453,8.225443974223333],[-81.14447939005355,8.226041676598154],[-81.14492825550056,8.226382359319912],[-81.14477335622644,8.227666284863169],[-81.14441608096317,8.227728638699885],[-81.14387403961823,8.227356546913922],[-81.14369854786263,8.227536946545545],[-81.14372374413367,8.227974267585893],[-81.14408578650516,8.228341687042473],[-81.1446704043966,8.228590950724326],[-81.14471549900563,8.228941184191623],[-81.1434845073055,8.229712261491594],[-81.14277788680047,8.229752075193895],[-81.14217998769954,8.23014225721302],[-81.14212912728573,8.230348462962112],[-81.14278769790513,8.230770459917482],[-81.14304642973649,8.231311009275915],[-81.14398672733711,8.232107927044266],[-81.14469214342793,8.232130856069555],[-81.14487068698591,8.231549331996478],[-81.14514481803883,8.231539915347602],[-81.1457835751142,8.232767499795486],[-81.14622930533803,8.23277737275219],[-81.14645602593403,8.232993041556687],[-81.14727664632213,8.234862928509733],[-81.14789607331676,8.235008102360261],[-81.14859881021937,8.234966478198563],[-81.14864296546574,8.235318495146892],[-81.14802598664956,8.2354400511158],[-81.14823142809901,8.236069162098559],[-81.14858659625801,8.236062445743759],[-81.1490896259698,8.235783163732338],[-81.14923147617691,8.23614235078744],[-81.14985215432797,8.236574901309542],[-81.14947536950082,8.23710901730295],[-81.14997006171836,8.237615496561581],[-81.14998526346926,8.23803130425771],[-81.15051122249001,8.238277215123109],[-81.15070127151903,8.238060683334615],[-81.15089632241487,8.238151017201334],[-81.15082278882461,8.238506008756469],[-81.15105130221039,8.238791450484388],[-81.1502435404307,8.238954559444567],[-81.1500810260114,8.23920918364195],[-81.1495551375446,8.238667734876062],[-81.14906283138973,8.239242837586875],[-81.14892350931413,8.239105730914881],[-81.14901270392586,8.238802200495627],[-81.14864484798407,8.238787146026919],[-81.14838120784158,8.238427187964708],[-81.14785757065702,8.238643530543095],[-81.14763723633237,8.239924340768354],[-81.14727105415739,8.240224801313424],[-81.14708789542874,8.240622667009578],[-81.14727963074222,8.241098177646023],[-81.14679045064827,8.241830313062307],[-81.1469972437222,8.242060767064926],[-81.14752947866366,8.242237910736527],[-81.14757187393138,8.242481406832521],[-81.14714334079298,8.242539621347092],[-81.14710530117232,8.24281156226191],[-81.1474215397545,8.243309693994513],[-81.14799087620635,8.243767769500124],[-81.14824980677486,8.244743542264334],[-81.14918150969802,8.24510389179503],[-81.14932547238804,8.245493617841722],[-81.14958053646681,8.24514995891113],[-81.15036437524542,8.245416626753993],[-81.15070051062929,8.245308230583737],[-81.15112067694885,8.246148566081148],[-81.15090113208959,8.246861818178362],[-81.1512689882444,8.246833778086483],[-81.15176089641365,8.246551846558386],[-81.15197808906808,8.246925942317954],[-81.15228390633456,8.246872317238683],[-81.15241888616819,8.246991631039807],[-81.15251187313879,8.247642184329717],[-81.15230274237682,8.249079619760506],[-81.15198014986444,8.249306763965226],[-81.15217217566168,8.249684267440848],[-81.15188515378797,8.250032838156518],[-81.15176079064648,8.250571061973279],[-81.15216384586715,8.250658077981617],[-81.15222592139138,8.251046018460212],[-81.15262860722137,8.251072820632507],[-81.15270174700957,8.251462193217487],[-81.153030984501,8.251472796393234],[-81.15308368287204,8.251614883296194],[-81.15279190716178,8.25174169643774],[-81.15309279363812,8.25216155823368],[-81.15333233543711,8.252006800973808],[-81.15345147354321,8.252083967901992],[-81.15349124370125,8.25264901586304],[-81.15324692975759,8.252972837386826],[-81.15340834876967,8.253341569664627],[-81.1530741595631,8.254088880937696],[-81.14735314031074,8.25591750092287],[-81.1472502690235,8.255180028337028],[-81.14683793245494,8.254717970889757],[-81.14682604224606,8.25385328627011],[-81.1465893167598,8.253211789047338],[-81.1466864368951,8.252852093402433],[-81.14656798221361,8.252547081087869],[-81.1462535064474,8.252176221869652],[-81.14574459449992,8.251966704741475],[-81.14581077899378,8.251393438398718],[-81.14564825293121,8.251347497948892],[-81.1453539816536,8.251618675957648],[-81.14510746168723,8.25148760226419],[-81.14474898935691,8.250397456388319],[-81.14378432581924,8.249423054238122],[-81.14366093117819,8.248537036648312],[-81.14259728442053,8.24831467934077],[-81.14249309153192,8.24715217223537],[-81.14196015460975,8.246104109508337],[-81.14166069425922,8.245964022279686],[-81.1412056368487,8.246084582720089],[-81.1402331051176,8.24497986324431],[-81.13942705477265,8.244852457322487],[-81.13930814803113,8.245002233804746],[-81.13940222936223,8.245220825286111],[-81.13891557759955,8.245484938587236],[-81.13906091428689,8.245006860406018],[-81.13894404614824,8.2449183100701],[-81.1382941000388,8.245390275972118],[-81.13785944051702,8.245107644084644],[-81.1378965090169,8.244844334537989],[-81.13767138973856,8.244807468570778],[-81.13758811889713,8.244496270461791],[-81.13690946910593,8.244139120830745],[-81.13685116950126,8.243518270262838],[-81.13635281878739,8.243117629207871],[-81.136047155359,8.243072548393513],[-81.13585032922678,8.243213643171652],[-81.13595708795084,8.243808612115462],[-81.13488596140964,8.243618265494911],[-81.13469946370135,8.244279284369082],[-81.13440806005738,8.244101134853535],[-81.13427590010195,8.244164013140876],[-81.13427815903445,8.245735334154805],[-81.13367405726333,8.24557237647452],[-81.13360031796104,8.246113448399012],[-81.13321534262755,8.246082305547432],[-81.132632261899,8.246399158224381],[-81.1326510670219,8.24689357563518],[-81.13195454635284,8.24701617824921],[-81.13139049555348,8.246834422963376],[-81.13108783292773,8.247325279566603],[-81.13080992476971,8.246891925481352],[-81.13059571576987,8.246853262809806],[-81.13048725379797,8.24704013492834],[-81.1306523619469,8.247330728653411],[-81.13016571113938,8.24758498911635],[-81.12946194819816,8.246709032160584],[-81.12896785713733,8.246374729643904],[-81.12739132144286,8.246114548109786],[-81.12729777872218,8.245635389270815],[-81.12688951233052,8.24504896362597],[-81.12665832411142,8.245049834510837],[-81.1264116132532,8.245355199934076],[-81.1259125836417,8.245512873937288],[-81.12572748857134,8.245343730112701],[-81.12576825360263,8.244856881738695],[-81.12558764130414,8.244801673505133],[-81.1253760154003,8.2449073658526],[-81.12522182583686,8.245256308711374],[-81.12478955941812,8.245221121969495],[-81.12431973889795,8.245708051028338],[-81.12441905099779,8.246189731591633],[-81.12388722308901,8.246101081034965],[-81.12343167853146,8.246288805527774],[-81.12329133617325,8.246824397532132],[-81.12271034668223,8.247150827029149],[-81.12211173179934,8.248166214849324],[-81.12194421244583,8.248103962765468],[-81.12172076747486,8.247454202851829],[-81.12137415560817,8.247423162722034],[-81.12104969248215,8.247743676893704],[-81.12111505814518,8.248052192967986],[-81.12075188492042,8.248234194246626],[-81.12060646602055,8.248655446353563],[-81.12016959640208,8.248626640329666],[-81.11959954732713,8.248332725949494],[-81.11944243384808,8.248732694540507],[-81.11922241968709,8.248838435017348],[-81.11848100967255,8.248538330434839],[-81.11797685257376,8.248542937608185],[-81.11791332331941,8.248396464730634],[-81.11808931656184,8.24825671356997],[-81.11796324176017,8.248074963865813],[-81.11767007649435,8.248172916095962],[-81.11697550575606,8.24800662924844],[-81.11712861050923,8.248379821427147],[-81.11645759982322,8.248592769848646],[-81.11649925378782,8.249148370301302],[-81.11585040541884,8.249609121566294],[-81.11609564769154,8.251010890693784],[-81.11567083015555,8.251474240587712],[-81.11466301981172,8.251670192700109],[-81.11351198488346,8.252435188966198],[-81.11292683099639,8.25245384495833],[-81.11325041440787,8.253171670914554],[-81.11239783843145,8.253705456275283],[-81.11203468028947,8.253616034517002],[-81.11162363811401,8.253866288712834],[-81.11145602689058,8.253385344901497],[-81.11128068448498,8.253284530816922],[-81.11084522663764,8.253623125909614],[-81.11081772577323,8.25422658005486],[-81.1106404877599,8.254434433207141],[-81.11024262114766,8.254446138221576],[-81.10982239643778,8.25375789858606],[-81.10941484155083,8.254200441753692],[-81.10886893821134,8.254477067520515],[-81.10851887603332,8.254459277883967],[-81.10825299115508,8.254862996503967],[-81.10792294636431,8.25502405161588],[-81.108394982046,8.255653400727764],[-81.10835114821475,8.255889778586663],[-81.10759726745019,8.256176106693905],[-81.10738910708194,8.25656275949915],[-81.10687979237504,8.256488039417638],[-81.10687538113294,8.255974499244555],[-81.10662395563158,8.2557756229757],[-81.10598581048303,8.255950426941814],[-81.10597321840842,8.256336650040797],[-81.10581859618148,8.256396028007973],[-81.10548235502115,8.256151587191063],[-81.10446332487804,8.255886719258866],[-81.1041995757477,8.25565550817153],[-81.10379186055405,8.25579392492512],[-81.10236525852419,8.254842550330038],[-81.10218131156309,8.255144605105443],[-81.1016670056279,8.255187680035636],[-81.10149127396433,8.254900211171796],[-81.10150857942861,8.254414719705085],[-81.10175341272296,8.25422598354554],[-81.1016839024752,8.253861579007435],[-81.10195390231895,8.2532140106308],[-81.10159759692871,8.252914940790289],[-81.1010593880265,8.25319553311179],[-81.1007776067567,8.252695629792907],[-81.09974426848446,8.253354914759017],[-81.09894308994642,8.253103621545836],[-81.09883822659584,8.253467681609283],[-81.09856228596324,8.253599560476554],[-81.09820332321178,8.253535980562734],[-81.09816133313909,8.253143372204454],[-81.09785947374927,8.253166828477223],[-81.09727016208461,8.253706350908852],[-81.09642203010291,8.253987471671772],[-81.09599981297984,8.254374941754339],[-81.0951869003085,8.254624085836172],[-81.09486748495038,8.254860977268937],[-81.09440219787798,8.254838908698929],[-81.09395330641688,8.255483044260048],[-81.09345265937965,8.251099140825529],[-81.08080900207719,8.226022634913802],[-81.00179025477786,8.20036332657995],[-80.99189200933657,8.204983806080012],[-80.99210336428288,8.204495664608157],[-80.99305947171463,8.20371463264976],[-80.99335725770979,8.202249879415342],[-80.99426450490779,8.201545325816562],[-80.99457390097155,8.201116564205327],[-80.99476001366155,8.200152422281043],[-80.99585102993137,8.199067771475235],[-80.9959603718073,8.198196334180581],[-80.99768411231082,8.197046791063224],[-80.99813772671087,8.19657399137352],[-80.99848666229643,8.195915778601707],[-80.99843316116468,8.195294646039079],[-80.99720725446919,8.194580801845772],[-80.99750268786553,8.193711682632031],[-80.99685368382151,8.19296307511365],[-80.9966931864845,8.191709221668509],[-80.99606977561271,8.190965248829194],[-80.99604884279907,8.190682494478496],[-80.99634066823295,8.189980629368478],[-80.99770077206684,8.188189859673038],[-80.99783071950667,8.186749444179235],[-80.9985309004359,8.184893003515777],[-80.99843785679187,8.18433676540412],[-80.99864125411801,8.183435027477193],[-80.99901141846263,8.183182465376104],[-80.99975661876016,8.183281220464991],[-80.99993282309103,8.183112972923482],[-80.99985065518312,8.181903189675227],[-81.00028642202521,8.180956068782203],[-81.00051475679372,8.180855956866173],[-81.0009032325502,8.180993618351003],[-81.00175410226005,8.181888779169464],[-81.00193454739873,8.181878600378827],[-81.00229672848661,8.181359649699198],[-81.00283085242037,8.18138298182405],[-81.00311576667976,8.181133031572472],[-81.00328372036326,8.180354700655263],[-81.00309430755098,8.179575669699139],[-81.00392401483701,8.178473229856248],[-81.00366031699063,8.177367959351143],[-81.00420060301607,8.177076731387839],[-81.00429079476214,8.176840040186784],[-81.00416737752437,8.176530310810879],[-81.00354108953465,8.176001858351958],[-81.00344755155172,8.17553612024272],[-81.00382501081205,8.174599925383502],[-81.004333526119,8.173988456858421],[-81.00478773201066,8.173737028173429],[-81.0054101681004,8.173871113195332],[-81.00602577917216,8.173137196969135],[-81.00593701372044,8.172640214410578],[-81.00631067577068,8.172377907987213],[-81.0064732333176,8.171422893789366],[-81.00637637099402,8.170540426583573],[-81.00683374673467,8.170042838181587],[-81.00634569872291,8.169080727357095],[-81.00697502983616,8.167618364148204],[-81.00683020027503,8.166489600130815],[-81.00651994260511,8.165801881873447],[-81.00711527032529,8.165316009217138],[-81.0070637290666,8.164957847962896],[-81.00682319761734,8.164686930878508],[-81.00709896480286,8.163967082198496],[-81.00694661578068,8.163829304968417],[-81.00658708241568,8.163880924495114],[-81.00630538938974,8.163464179210775],[-81.00632685958051,8.163028957319744],[-81.00669377365907,8.162378897842192],[-81.00620868494657,8.16178089063016],[-81.00618417292694,8.161468567673914],[-81.00655018477457,8.161066786899402],[-81.00695617225065,8.16104313252486],[-81.00733244895,8.161268099711531],[-81.00761142747692,8.160934652738025],[-81.00704018449314,8.159752510671268],[-81.00664455666454,8.159518860753124],[-81.00655391769565,8.159229300919034],[-81.00679128364908,8.158737615261467],[-81.00756774616447,8.158696535910483],[-81.00795902254693,8.158467608922107],[-81.00817439871278,8.1581206497126],[-81.00838816522001,8.157132159327093],[-81.00904468684985,8.156113817183378],[-81.0091967542166,8.15510630227928],[-81.0096476755663,8.154502122101201],[-81.00985190329254,8.153639904178773],[-81.00980261113456,8.152818721748696],[-81.01027794466354,8.152490903352897],[-81.01022581883846,8.152287558511011],[-81.01048515202622,8.152078925875843],[-81.01050440942099,8.151611081937276],[-81.01098192700697,8.150554882009509],[-81.01086189583025,8.15044036665584],[-81.01060300435029,8.15055251132036],[-81.01047493024274,8.150400152455752],[-81.01056485438369,8.149604856365068],[-81.00583843634504,8.144788119520236],[-81.0047917814731,8.139857558027016],[-81.00413634438651,8.139499256992345],[-81.00403506364131,8.138656462314003],[-81.003456048999,8.13834014766708],[-81.00289952019527,8.138251811926311],[-81.00286101677847,8.137991364409112],[-81.00192185630958,8.137950353149192],[-81.00162991278981,8.137655688434277],[-81.0013004321687,8.137618211429805],[-81.00101653790489,8.137127653415515],[-81.00099493587305,8.13667085332087],[-81.00062772084985,8.136637371254158],[-81.00004990183497,8.136281127620563],[-80.9999844684012,8.135423579493986],[-81.00033778253955,8.135145571508614],[-80.99933904443321,8.133916797628821],[-80.99945560634998,8.13323075578419],[-80.99837637211978,8.132563095835215],[-80.99816983305963,8.132610702305923],[-80.9975876836257,8.131841169088029],[-80.9971677045912,8.131786586760349],[-80.99696262712574,8.131609474467009],[-80.99703422482533,8.131291622592405],[-80.99733320384476,8.131129172073438],[-80.99738578186741,8.13086440078628],[-80.99719904045764,8.13012643084442],[-80.99640325628629,8.128941519652853],[-80.99613576365164,8.128120942233974],[-80.99496949420676,8.127538744057999],[-80.9946965968659,8.127016852443532],[-80.99394415155416,8.126166415846864],[-80.99380496123152,8.125520001615369],[-80.99249763260467,8.12466203302828],[-80.99347885091868,8.122715972218186],[-80.99319807358899,8.122074610907848],[-80.99256235120667,8.12236698291601],[-80.99245666476969,8.122153195096782],[-80.99294634680284,8.121228452518931],[-80.99304823775468,8.120722728465628],[-80.99323911012674,8.120697580665656],[-80.99335426020153,8.120982106076799],[-80.99351200732667,8.120901939253057],[-80.99371170740618,8.120461758463437],[-80.9936801519298,8.119915717254257],[-80.99388018162075,8.119783611669124],[-80.994486174054,8.120890384420214],[-80.99555986985338,8.121561402740072],[-80.99589597936072,8.122061837724768],[-80.99633586890687,8.123020085118156],[-80.9961220539265,8.123795444377356],[-80.99644605307586,8.12411588506013],[-80.99852992808947,8.12425544194082],[-80.99903484844965,8.124119150389776],[-80.9996837321523,8.124551906190616],[-80.99990169426785,8.124492269325122],[-81.00044463311423,8.123904489829894],[-81.00128934604103,8.124348720647477],[-81.00254621668971,8.124105310284913],[-81.00306804201644,8.123869156734388],[-81.00361969681715,8.1239907644186],[-81.00407639139381,8.123674362093904],[-81.00447231517155,8.123697988397824],[-81.00483958631483,8.124295367974398],[-81.00543518115713,8.124723825851463],[-81.00690389122794,8.124609872803658],[-81.0069896472471,8.125056831156405],[-81.00753491890404,8.125076539705598],[-81.00790993415157,8.12534650725942],[-81.00820489765454,8.126299700680354],[-81.00917793671543,8.126920830632631],[-81.0101932129527,8.126935945000819],[-81.01109399745346,8.126564171356462],[-81.01175810704933,8.126561342264262],[-81.01235642325364,8.126907532825529],[-81.01216450967188,8.127410978458926],[-81.01288622731026,8.12769853793055],[-81.01344999864173,8.127305628484242],[-81.01382541010571,8.127571899970864],[-81.01444763086906,8.127379072655518],[-81.0145362864853,8.126955548435179],[-81.01492951831273,8.126837077968698],[-81.01515204592589,8.12628635449172],[-81.01555712897924,8.126399456772456],[-81.01588933285676,8.126268937293272],[-81.01610536554642,8.125892209123794],[-81.01598784306242,8.125507218353013],[-81.01660466992041,8.124970658086406],[-81.01661736896124,8.123976367283026],[-81.0168931423179,8.123574595556693],[-81.01830194394061,8.123032071508927],[-81.0197368785523,8.122840046277604],[-81.01998328292031,8.12228435112116],[-81.02040730393459,8.121807015336588],[-81.02201041018658,8.118203683762886],[-81.02273482130953,8.118697673053413],[-81.0235423681962,8.118898447230618],[-81.02424455956003,8.118798389010403]]]]}},{"type":"Feature","properties":{"OBJECTID":11,"PROV_ID":"09","DIST_ID":"10","CORR_ID":"10","CODIGO":"091010","CORR_NOMB":"EDWIN FABREGA","SHAPE_Leng":29815.4799166,"CORR_FEAC":"2018-09-10T00:00:00","ID1":100,"CORR_LEY":"LEY No. 53 DEL 22 DE NOVIEMBRE DE 2002","Shape_Length":29801.581678174807,"Shape_Area":35517001.59851965},"geometry":{"type":"MultiPolygon","coordinates":[[[[-81.0408478676177,8.020857959151058],[-81.04111498501715,8.020969037169886],[-81.04111735796725,8.021599886636205],[-81.04152267027905,8.022176295769867],[-81.04191666000429,8.021583489726309],[-81.04237007408236,8.021333192078343],[-81.04314178086116,8.021484376964992],[-81.04324472688938,8.021963342096473],[-81.043747971833,8.022534398231215],[-81.04345344912055,8.022723437811292],[-81.0432707992321,8.023576539341919],[-81.04345875816429,8.02368210724799],[-81.04404595490767,8.023596332028584],[-81.04397400341739,8.02405722541299],[-81.04414422847027,8.024197392279822],[-81.04463143988644,8.024217954549812],[-81.04471109373071,8.024655782643714],[-81.04532243068073,8.025286617829789],[-81.04529887904793,8.025482362294058],[-81.04496347541385,8.025521968774823],[-81.04487663342437,8.025702013444894],[-81.04487583504442,8.026125910152643],[-81.04519323363218,8.026959239200082],[-81.04475341309019,8.027449239802403],[-81.044723296265,8.027662647249189],[-81.0450206224175,8.028181767274424],[-81.04571788590044,8.028523211068343],[-81.04551873828069,8.029404862896817],[-81.04561203621635,8.029569327591402],[-81.0459429116062,8.0295675721328],[-81.04606874104977,8.029857976830293],[-81.04591546686467,8.03020828061557],[-81.04557144277574,8.030502103461153],[-81.04613484140249,8.030949726052963],[-81.04580439913656,8.031376615560886],[-81.04537025451289,8.031610911427808],[-81.04525623732258,8.032271857882295],[-81.04555083853221,8.03244005336342],[-81.04625896382463,8.032277686555874],[-81.04693242468677,8.03295845969511],[-81.04701115882776,8.033230070078899],[-81.04744066405496,8.033261498329997],[-81.04757008367707,8.033556465562901],[-81.04754304542024,8.033911308795902],[-81.04703256899708,8.034159889070356],[-81.04692107934292,8.03436944255364],[-81.0470785721624,8.03499399619863],[-81.04704068011256,8.035701970186995],[-81.04719652538954,8.035924360336576],[-81.04771607497639,8.035841851226614],[-81.04787259499435,8.03601801654356],[-81.04703590473048,8.036521879763498],[-81.0471977310367,8.037703304859138],[-81.04663708218975,8.038150131411875],[-81.04676373596476,8.03845502751535],[-81.04738019161805,8.038584347865832],[-81.04755126021115,8.038783053974816],[-81.04701352394751,8.039279270605983],[-81.04698488229813,8.040124380007727],[-81.04674215366646,8.040577439661213],[-81.04607897769607,8.041081456593485],[-81.04623526039941,8.041530504532526],[-81.04608401975621,8.04185125079358],[-81.046224027579,8.0421378147344],[-81.04577426416398,8.042447309142018],[-81.04564250665021,8.042831223440219],[-81.04581300322685,8.043196987705098],[-81.04573893737351,8.043760775940871],[-81.04598469337238,8.044262066360668],[-81.04593582980033,8.044887270035478],[-81.04470655400333,8.046653438023442],[-81.04486460480553,8.046875372788183],[-81.04542483493341,8.047132185278208],[-81.04609449643355,8.048206419350677],[-81.04674933851514,8.048522026169138],[-81.04732102535156,8.048613856928787],[-81.04745531566586,8.048811200414944],[-81.04728940952418,8.049300639695806],[-81.04651015292725,8.049449967291215],[-81.04571102544324,8.049912874279652],[-81.04655706857434,8.050621917930577],[-81.04618282317645,8.051114832084014],[-81.0463877464097,8.05163007847183],[-81.04609684727882,8.05223915662987],[-81.04637463203744,8.052387147263524],[-81.0467235163759,8.052344299728322],[-81.04687574904088,8.052579081665163],[-81.04633473292274,8.054312253566637],[-81.04738464620013,8.05440305386813],[-81.04746558843456,8.054900609108348],[-81.04767656304664,8.055204530631462],[-81.0476352544399,8.055712152299519],[-81.04791197941564,8.055999559769226],[-81.04867472683067,8.056057630897255],[-81.04895778229228,8.05586251686847],[-81.04956617933144,8.055864390404485],[-81.04985512675334,8.05565913229734],[-81.05042067557325,8.056111057264653],[-81.05049765463211,8.05647494840174],[-81.05005790162676,8.056877592428961],[-81.04985518139819,8.057581779633615],[-81.04938495716084,8.05807211214568],[-81.04971078712369,8.05892074475238],[-81.04973876805525,8.059421143411283],[-81.02602712749959,8.074116609006285],[-81.00892449983934,8.081346658875107],[-81.00643975497759,8.089577504121532],[-80.99934368976113,8.089464972061773],[-80.99262271470907,8.083285837979746],[-80.99255190629,8.081523174630945],[-80.9912585916577,8.078725181921984],[-80.99128388887614,8.078007749740976],[-80.99106812137983,8.077578838196937],[-80.991483602531,8.076587624486642],[-80.99138104513182,8.076126627339308],[-80.99086917509698,8.075298002216268],[-80.99090571040178,8.074600699188176],[-80.99146693486446,8.074304287731607],[-80.99149106504316,8.073895599815465],[-80.99038637137583,8.072906945967095],[-80.98975152605436,8.071413939075148],[-80.98983999755156,8.071056762535232],[-80.99040563521149,8.070721734536312],[-80.98537303473249,8.061555512115083],[-81.0020859160934,8.031286028878984],[-80.99280455258176,8.026692148765052],[-80.99386751910046,8.026380031440024],[-80.9940581942496,8.026571392686593],[-80.99444304800186,8.026624563236854],[-80.99483222930624,8.025994939750289],[-80.99531433080809,8.025897345018361],[-80.995472298592,8.026043967796399],[-80.99552783283185,8.026426504398673],[-80.99682393464691,8.026947268313352],[-80.99695684524207,8.027586056457181],[-80.99743066857276,8.027831481522336],[-80.99767528764784,8.0276846837813],[-80.99793495317174,8.026972962012408],[-80.9984101732085,8.026473204237448],[-80.99878044157182,8.026362936719392],[-80.99891527145081,8.025380678895361],[-80.99928420209494,8.025179632558444],[-80.9997957376217,8.024540079757255],[-81.00122140473484,8.024382526340226],[-81.0023961986022,8.02488758903951],[-81.00308701077057,8.0244254811024],[-81.00394394444736,8.024205023038789],[-81.00435044145311,8.02428497793074],[-81.0049146711175,8.023805747732839],[-81.00525031386381,8.023953710592469],[-81.00677182394249,8.023226499938904],[-81.00789631785351,8.02322298923846],[-81.00870346428505,8.023496474032877],[-81.0089348477851,8.023085839381494],[-81.00988459383062,8.022728051042375],[-81.01047822680182,8.022282860819997],[-81.0121632967814,8.022969516927066],[-81.01255097216071,8.02306363412864],[-81.01289110698241,8.02296922794592],[-81.01359337954237,8.023195861364233],[-81.01382283072002,8.022927964521976],[-81.01406160449348,8.022216073035521],[-81.01435017364287,8.022051172763698],[-81.01495881289456,8.022682762550813],[-81.01541077019972,8.022676178823128],[-81.01608312259712,8.022997257256089],[-81.01638614313059,8.022825905527284],[-81.01616656882997,8.022145364568999],[-81.01669059519126,8.021847413296143],[-81.01735250384002,8.02174250105025],[-81.01749922642192,8.0219658121407],[-81.01768208599194,8.021965153956915],[-81.01793066750218,8.021843674217788],[-81.01794264098277,8.021574084821284],[-81.01830180023117,8.021630034706734],[-81.01829123851495,8.020872400282554],[-81.01879209344334,8.02023949445151],[-81.01859714563118,8.019893791619376],[-81.0186351545009,8.01964330971626],[-81.01965287767142,8.018867805935011],[-81.01981974563999,8.018449619665349],[-81.02027041152236,8.01875785003002],[-81.02090874930042,8.01726328414142],[-81.02183156605884,8.01676645671425],[-81.02197880609141,8.01684583531499],[-81.02190704499337,8.017254591980961],[-81.02210396244044,8.01734382934508],[-81.02278967346717,8.016676340158144],[-81.03055125496387,8.026155079014186],[-81.0408478676177,8.020857959151058]]]]}},{"type":"Feature","properties":{"OBJECTID":12,"PROV_ID":"09","DIST_ID":"10","CORR_ID":"09","CODIGO":"091009","CORR_NOMB":"CARLOS SANTANA","SHAPE_Leng":70987.6068699,"CORR_FEAC":"2019-10-23T00:00:00","ID1":43,"CORR_LEY":"LEY 53 DEL 22 DE NOVIEMBRE DE 2002","Shape_Length":70987.6693969245,"Shape_Area":67470188.01574811},"geometry":{"type":"MultiPolygon","coordinates":[[[[-80.84689235038128,8.06410146443617],[-80.84748629937403,8.064841307979673],[-80.84765196630866,8.065858992258342],[-80.84784912351417,8.066049877509338],[-80.84872670353066,8.066208502242716],[-80.84955933943695,8.066011023654852],[-80.85003882750837,8.06557167429876],[-80.85030395639563,8.065038737381773],[-80.85099520892682,8.064607452232613],[-80.85289057081425,8.065770094403158],[-80.85237603706602,8.06625943982786],[-80.85224413567428,8.066974742648174],[-80.8524187554441,8.067200839863892],[-80.85283544784126,8.067244515789946],[-80.8537949484916,8.066844682991444],[-80.8542704020061,8.06682730956148],[-80.85441021309576,8.067116564597795],[-80.85375803721418,8.06721945638233],[-80.85381910982083,8.067581583859086],[-80.85484056531604,8.067736711922628],[-80.85542851820398,8.067192845894963],[-80.85582139451779,8.06768809143296],[-80.85622908660139,8.067456096521974],[-80.85666172990065,8.067463442021387],[-80.85700964441462,8.067706644163511],[-80.85726964955363,8.068307030210976],[-80.85768082739929,8.068513921689028],[-80.85819044679519,8.068209417154502],[-80.86013949271279,8.067751250786095],[-80.86039250363373,8.067535520547587],[-80.86057748681239,8.066894882736664],[-80.86101515475939,8.066605364724554],[-80.86145543250403,8.066563244233937],[-80.86185033046536,8.066777937737811],[-80.86188715707263,8.068103905440708],[-80.86158574054991,8.068427074440006],[-80.86150164421707,8.068875553482314],[-80.86185622617926,8.069512513398408],[-80.86183765840501,8.06991364240961],[-80.8623826435664,8.071104295750155],[-80.86294559041465,8.071544339080763],[-80.86311451629318,8.073820239071935],[-80.862231545239,8.074928495528571],[-80.86032648042037,8.078044428815762],[-80.86044739552051,8.078865317875692],[-80.86415476687058,8.077329959595577],[-80.86485337175519,8.077203810897204],[-80.86612318604155,8.077340918462333],[-80.87191775770677,8.079236195141434],[-80.87733870425443,8.082675473464864],[-80.88137576556242,8.084504199950489],[-80.88278400903782,8.084586553858768],[-80.88587507166075,8.083831549441511],[-80.89537938671167,8.081362746619948],[-80.89957608290737,8.079917261406445],[-80.90682593457919,8.07932327799867],[-80.91121359744999,8.077788448553687],[-80.91566640198708,8.081609067825598],[-80.90394844117274,8.09607394827317],[-80.90314686718186,8.096093713258211],[-80.90201603749752,8.096556853358551],[-80.90188609920665,8.09684657660968],[-80.90207315826328,8.097151264878041],[-80.90181742945693,8.097504837207742],[-80.90145661022368,8.09759961039418],[-80.90112907271411,8.0974798863794],[-80.90097587444062,8.097231496041712],[-80.90112904199421,8.09697318469268],[-80.90070613240292,8.096946560635734],[-80.90054814821767,8.096525372815679],[-80.89997602395356,8.096812427598358],[-80.8992362214524,8.096900321661247],[-80.89888829198695,8.097609710192426],[-80.89795766702017,8.098032645040343],[-80.89783422424405,8.098538411212413],[-80.89691453085203,8.098507606163382],[-80.89642862078175,8.099113097209433],[-80.89553585838094,8.09967441403212],[-80.89535916208851,8.100028056681987],[-80.89536066315983,8.100542076388654],[-80.89479508825919,8.100319384631018],[-80.89445404437187,8.100409154502188],[-80.89429132942333,8.101197897622782],[-80.89447762465149,8.101597919532706],[-80.89443172424002,8.101804705753239],[-80.89417019305607,8.101922030417168],[-80.89378217535794,8.101770345179565],[-80.89358259140577,8.102134464760585],[-80.89323340287547,8.102193666731829],[-80.89289967664848,8.10254402881613],[-80.89191759467823,8.102326433711179],[-80.89112751504513,8.102881562617442],[-80.88982058198731,8.103378053458975],[-80.88967208528005,8.103281307958861],[-80.88964035816512,8.102828961430319],[-80.88933365613197,8.102591479381934],[-80.88902827840714,8.102491127133614],[-80.88849879271217,8.102568104614807],[-80.88825939768816,8.102816545916818],[-80.88836138650878,8.103327967073614],[-80.88814174325196,8.1033811947943],[-80.88790977461761,8.103693493653093],[-80.88777790387367,8.103584728770562],[-80.88778304375103,8.103035349522054],[-80.88736049949858,8.102540925863755],[-80.88708986801285,8.102593884762817],[-80.88699604169838,8.103358575511184],[-80.88643755093906,8.102634727698812],[-80.88544252900547,8.102561547332112],[-80.884643088199,8.103764473646969],[-80.88410285586365,8.103939940498483],[-80.8837474784166,8.103667978046285],[-80.88334931993762,8.103761680572276],[-80.88337485332097,8.104028130026656],[-80.88384680888781,8.104624598605719],[-80.88325606471014,8.105013584985624],[-80.88326566848832,8.105480944666374],[-80.88271440831264,8.105788983489],[-80.88188283327466,8.105561873539477],[-80.88164727335496,8.105690574104498],[-80.88148316423008,8.106026798817183],[-80.88114586328446,8.105655708057618],[-80.88004978294988,8.105766439466178],[-80.8799828609297,8.105495539054736],[-80.88068405904758,8.10540215477841],[-80.88072903287797,8.105260119388259],[-80.88007324246256,8.104799282823395],[-80.87970071697865,8.105029712757196],[-80.87937871042534,8.104986901222913],[-80.87879719857361,8.104582611657962],[-80.87853770534382,8.10416402683619],[-80.87837009262694,8.10431837794499],[-80.87834623198304,8.104712927795857],[-80.87806385783556,8.104648949752093],[-80.87793287534167,8.104437873898856],[-80.87809074040139,8.103805086080888],[-80.87717135270847,8.1036197069793],[-80.87702925204589,8.103812037274507],[-80.87700811112165,8.10483502946645],[-80.8766041951734,8.104744577397359],[-80.876196167492,8.104868355201233],[-80.87646625615565,8.105378295057243],[-80.87640000686547,8.10566817290058],[-80.87621160297527,8.105689588830474],[-80.87586696615823,8.105433087917921],[-80.87564845081408,8.104878557394926],[-80.87542544825142,8.104917975598871],[-80.8754194539279,8.105449119345678],[-80.87586507447033,8.10602555769857],[-80.87521136073602,8.10633634650929],[-80.87536473038442,8.106588740786355],[-80.87528269627406,8.106775847819927],[-80.87497182284403,8.106726031376462],[-80.87454713419693,8.107048270286041],[-80.87379763128101,8.107141930202918],[-80.87352365868219,8.107031331175543],[-80.87295046927987,8.106391225551544],[-80.872351210832,8.106365829515562],[-80.87173515403666,8.106764384689091],[-80.87112835778753,8.106872873032556],[-80.87117451807262,8.107300644982274],[-80.87078479067381,8.10718812064246],[-80.8702070954846,8.108087297074325],[-80.87031153018917,8.108600223729429],[-80.86989342753873,8.108736104716042],[-80.86964241269288,8.11003601243482],[-80.86907316224038,8.110071354282617],[-80.86892845668653,8.110600180858462],[-80.86838448578143,8.110369556495616],[-80.8679323793185,8.110686676904386],[-80.86789626495334,8.111570979554745],[-80.86822119040593,8.111827118938402],[-80.86825628597683,8.112034758465532],[-80.86813219762625,8.112277380553907],[-80.86773802956637,8.112334147059173],[-80.86763791120906,8.112501984206244],[-80.86818860869414,8.112841395428223],[-80.86810064853631,8.113308547971286],[-80.86739052352682,8.113481382810802],[-80.86651149014428,8.112943308435245],[-80.86640216824405,8.1136491077226],[-80.86563383156907,8.1135203033725],[-80.86541265317474,8.114171127714158],[-80.86468554595986,8.114374337751467],[-80.86455048208086,8.115051794728464],[-80.86354763642747,8.115201721677076],[-80.86357218899458,8.11537353519891],[-80.86402891946128,8.115681010782076],[-80.86405982166208,8.116063407845788],[-80.86391070345785,8.116286450292394],[-80.86358287481504,8.116303612949618],[-80.86307950902845,8.116604387070426],[-80.86289718355253,8.117239554340545],[-80.86234016529485,8.117523933505586],[-80.8627181991098,8.11822391060318],[-80.86268631871381,8.118603000310006],[-80.86291686640374,8.118864235389873],[-80.8628139012354,8.119062142872314],[-80.86243761184186,8.119187009004401],[-80.8624993325681,8.119579236282867],[-80.86284764495498,8.11982588552773],[-80.86302384766937,8.120277578249405],[-80.86415132449409,8.120918137930392],[-80.86414539149719,8.12110769023629],[-80.86382381736097,8.121290032736523],[-80.86385996081545,8.121497415982484],[-80.86476303929425,8.121733472024983],[-80.86473558012646,8.122210284313079],[-80.86527326073217,8.122745404886986],[-80.86536472402031,8.123244792458609],[-80.86575744437337,8.123518493580336],[-80.86552973753278,8.124183010278044],[-80.86623040296632,8.124368875213644],[-80.86636169686686,8.125348472783418],[-80.86670978395468,8.125342781598702],[-80.8670761450379,8.12489941628474],[-80.86803769234507,8.12434903802757],[-80.8681072554616,8.124844569953549],[-80.86869487375768,8.126297487875242],[-80.86898443264332,8.126425173105408],[-80.87010888257797,8.12630364866666],[-80.87060162125142,8.127100012031635],[-80.87093009384675,8.127341364672702],[-80.871594748627,8.127164712486083],[-80.87115539813131,8.12634704883188],[-80.87138163753274,8.126049931303854],[-80.87201074301349,8.125883212650661],[-80.87243621084112,8.126164125138807],[-80.87292541983763,8.126084531530084],[-80.87343408966274,8.126551595037233],[-80.87450555806821,8.12645152223532],[-80.87482565216422,8.126260075644586],[-80.87599418306442,8.126085037225184],[-80.87649545600202,8.125458914278669],[-80.87663559541544,8.12558000429971],[-80.87668313367207,8.126029769851119],[-80.87661376630662,8.126798732953022],[-80.87726907207104,8.127287567944961],[-80.87774855522748,8.128014657618357],[-80.87811069189007,8.128170869559888],[-80.87887345084032,8.127845924285394],[-80.87953331638934,8.127795112833208],[-80.88157963219662,8.126818992932312],[-80.88219594086743,8.126794084267168],[-80.88300088760195,8.127244264110837],[-80.88350580072726,8.12640906438218],[-80.88427594662087,8.126444795877214],[-80.88454534243085,8.12615141080781],[-80.8857313189414,8.125599159967873],[-80.88603061220101,8.125667879234697],[-80.88636257776871,8.126122322116457],[-80.88631154650386,8.126672904488561],[-80.88643692238986,8.126845662974807],[-80.88684516468895,8.127035538286092],[-80.88742520913034,8.12701917044094],[-80.89010618570408,8.125457380701892],[-80.8907930986051,8.125307790580639],[-80.89139626351643,8.124934860241654],[-80.89177418748918,8.125070075150733],[-80.89179774829086,8.126219259398848],[-80.89215437682726,8.127002513822504],[-80.89216991650129,8.12733813519691],[-80.89274231741014,8.127492122174393],[-80.89283779415115,8.127646659563368],[-80.89238996842732,8.128244238745266],[-80.89222596499093,8.129308157457965],[-80.89221097278461,8.131035522910299],[-80.891497443657,8.13145271870434],[-80.89125007153599,8.131831777628063],[-80.89130788168131,8.13223025101522],[-80.89112360556247,8.132644709910895],[-80.89133778878153,8.132925692696592],[-80.89108583646505,8.133747084150249],[-80.88084824914066,8.14433797565214],[-80.87985902589254,8.142691730233386],[-80.87831295579745,8.14189389241816],[-80.87738398683268,8.14180260190914],[-80.8770375988785,8.141119549570853],[-80.87581536478916,8.141207466820584],[-80.87389225757515,8.140861505345907],[-80.87270674198042,8.140206752615681],[-80.87248793577874,8.139902862888592],[-80.87246430808374,8.139459822778816],[-80.87181855285537,8.138793836634209],[-80.87087260504023,8.138736408508837],[-80.87009616508426,8.138307695967736],[-80.86929268487565,8.138475457811113],[-80.8686084266898,8.137456265709323],[-80.86818509366108,8.137178919263299],[-80.86828737572284,8.136744430644331],[-80.86764223953695,8.135993972443833],[-80.86710943888195,8.135631027203216],[-80.8666092296071,8.135579620698534],[-80.86635128771735,8.135280688961327],[-80.86566987343987,8.134908147260397],[-80.86532333565671,8.135175319870445],[-80.86505010820267,8.135102661931334],[-80.86489271903271,8.134849125700496],[-80.8646612022784,8.134880871524386],[-80.86388670176636,8.135560840295524],[-80.86365181842305,8.135458824525578],[-80.8635181751152,8.135035434488216],[-80.8632844348662,8.134909775844866],[-80.862630259384,8.135472534374768],[-80.86204769146511,8.135608425172256],[-80.86088320352582,8.135306332798885],[-80.86051052121574,8.134677491584506],[-80.8603241110496,8.134593834756265],[-80.85897455624873,8.1354168119653],[-80.85823356800105,8.135359232973375],[-80.85732144972025,8.134326261417568],[-80.85677626774495,8.133074624631478],[-80.8543118530203,8.133032894849897],[-80.85372925211206,8.132513524626718],[-80.85299403350466,8.132213761251371],[-80.85269231867183,8.131719685394945],[-80.85254843041056,8.130683159255991],[-80.85211498757096,8.129961263055447],[-80.84994122746755,8.129758683015243],[-80.84929399181952,8.129990805380645],[-80.84806266093972,8.130849212273278],[-80.84785706246697,8.130853518813709],[-80.8477500842735,8.130530051807561],[-80.84751154260769,8.130413702844324],[-80.84675931847424,8.130760844570343],[-80.84612422363061,8.13077029780104],[-80.84562554225032,8.13003254062923],[-80.84535205389491,8.128944141498998],[-80.8449931511336,8.128322368799061],[-80.8442187390453,8.127627932906016],[-80.8442432391345,8.12733248210509],[-80.84459826380704,8.126793799407613],[-80.84436271839637,8.126379727306327],[-80.8446903702276,8.1256080526413],[-80.84456001957528,8.124948848837297],[-80.84408532353152,8.125084173703812],[-80.84334959406063,8.124493714177998],[-80.84299100371106,8.1244406373561],[-80.84194155760315,8.124530912702989],[-80.84090815668328,8.12506424754927],[-80.84041982729205,8.12494190270727],[-80.83974812245084,8.124422333096621],[-80.83958953903897,8.12364705523832],[-80.83913235991244,8.12321530654875],[-80.83872229850833,8.122506507093641],[-80.83791985914071,8.122140045033834],[-80.83764158995267,8.121450031945999],[-80.8362667813315,8.12165191235131],[-80.83591033556469,8.121078602916114],[-80.83513498833902,8.120555096292197],[-80.83446126009636,8.119744506602157],[-80.83356702404606,8.119919057738029],[-80.83219918284395,8.120820637353965],[-80.83193761435176,8.120827291822575],[-80.83147786714405,8.120162189628322],[-80.83129476343007,8.119092348420045],[-80.83072555987079,8.11827492686329],[-80.83050132559875,8.117059393667855],[-80.83026981061256,8.116725073661176],[-80.83001434992333,8.116729706927966],[-80.82966875151887,8.117176088229233],[-80.82901510073731,8.116771999457354],[-80.82874268890868,8.116831746053752],[-80.82832804096088,8.117192263832738],[-80.82757533645838,8.11699271043495],[-80.82709292349725,8.117635565909707],[-80.82672015909449,8.117702373716085],[-80.82656134174164,8.117456137460081],[-80.8268294307431,8.11696008894638],[-80.82667977989445,8.116895293233998],[-80.82624861121133,8.117147030138943],[-80.8260292053912,8.117123788217523],[-80.8260871827479,8.116592983642413],[-80.82594003472515,8.116049383452744],[-80.82576781104461,8.116084962498771],[-80.82568729088669,8.11636436770519],[-80.825407433962,8.116438707351842],[-80.82478414757576,8.115756390103686],[-80.82462784467334,8.116127680656854],[-80.82499836127722,8.116438643025049],[-80.82471007361309,8.11650629396909],[-80.82435163797871,8.115789435017179],[-80.82400527420093,8.115569023062966],[-80.82419370700208,8.114807911613168],[-80.82411599274454,8.114594443140659],[-80.8234748706815,8.114619068859632],[-80.82314803364638,8.1142663277368],[-80.82187080272517,8.113804441810798],[-80.82141803837615,8.11398461550673],[-80.82116626737638,8.114751041855374],[-80.82083285816321,8.115059459519506],[-80.8204744508406,8.11507847355644],[-80.81982836223443,8.114821102719588],[-80.8192832836043,8.114962983512052],[-80.81837039229006,8.114679649946922],[-80.81792837697529,8.115269610032787],[-80.81765570180012,8.114591643042512],[-80.81707872577957,8.115619677533992],[-80.81664840722414,8.115806544114978],[-80.81645376198298,8.11566567744892],[-80.8165098077784,8.114941809132393],[-80.81601898345035,8.114803176831094],[-80.8152061564648,8.114930028716797],[-80.81496883923171,8.114680432774584],[-80.8149927239354,8.114415539242817],[-80.81459765597035,8.11449998439652],[-80.81431280176626,8.114388069064459],[-80.8142617560906,8.113823494339876],[-80.81400666520379,8.113553002879522],[-80.81316130940151,8.11395864854044],[-80.81192914230803,8.113250700560364],[-80.81037371891682,8.113501636791135],[-80.80828101117565,8.11274298915764],[-80.80742618630083,8.11277840781354],[-80.80603290341287,8.112333375344047],[-80.80567459280246,8.112491623979436],[-80.80505894340402,8.112230022990692],[-80.80422574092192,8.112330699198202],[-80.8034884498285,8.112809957702213],[-80.80266621103925,8.112684911222031],[-80.8025367930189,8.112900629596528],[-80.8027707283851,8.11349843927626],[-80.80194509011294,8.11427431485688],[-80.80165059902954,8.114382879799049],[-80.8009678492254,8.114296003508594],[-80.80067457735377,8.115006020250572],[-80.79966967077763,8.115132160818963],[-80.79983251428192,8.115895921983276],[-80.79937882166286,8.116044724330655],[-80.79899955842997,8.116416277239553],[-80.79859021423708,8.115936508808607],[-80.79839432213663,8.11592443118601],[-80.79834381620913,8.11706689700042],[-80.7978585633483,8.117072821780917],[-80.79751198526614,8.116780574784475],[-80.79695884435223,8.116832569385288],[-80.79620000728488,8.116527412105471],[-80.79590184445182,8.116622834261987],[-80.79565829054067,8.117194511009709],[-80.79555202680338,8.118242560804296],[-80.79506341991066,8.11897830058048],[-80.79479459750804,8.119118526965947],[-80.79455171620408,8.119066046714382],[-80.79429472681247,8.119913736564408],[-80.79360389489818,8.12010716019626],[-80.7929815997807,8.120655287549363],[-80.79230378031879,8.120552843605005],[-80.79263565656122,8.12206724898832],[-80.79177982835014,8.122483125783326],[-80.79173036952415,8.123656334118103],[-80.79119268877173,8.124110710471115],[-80.79077317214679,8.124932722821375],[-80.79008102256029,8.124817677313214],[-80.78971173884652,8.125526613822753],[-80.78945108684255,8.12517258611254],[-80.78918074684718,8.1251601470203],[-80.78858806528659,8.125881311823909],[-80.788382694664,8.125722396975336],[-80.78728776225336,8.12564667186661],[-80.78691314741737,8.126732173501221],[-80.78607919852126,8.127026994190611],[-80.78544985637764,8.126918053224644],[-80.78439446437935,8.128038169474816],[-80.78298306035889,8.127775236800204],[-80.78216599557584,8.12814618561243],[-80.78164166685941,8.127656270532407],[-80.78096702170525,8.127496621267941],[-80.7807388466375,8.127266076740394],[-80.78052007023224,8.127418355301106],[-80.78023401569303,8.127370588378572],[-80.78013489499534,8.127837111834161],[-80.77998443289243,8.127937299993741],[-80.7792553898788,8.127310844269893],[-80.7792625698718,8.126849344736037],[-80.7789856041035,8.12707680998861],[-80.7785128093119,8.126807275682273],[-80.7779505409245,8.127288884421052],[-80.77734478528563,8.126985858714647],[-80.77722406188047,8.127316115502564],[-80.77677431854458,8.127396834561235],[-80.77645822071173,8.12716200888061],[-80.77655535602818,8.126740862635684],[-80.7764087918474,8.126539916521041],[-80.7762160563621,8.12649485653978],[-80.77588747623494,8.1267759234179],[-80.77576426252516,8.12641824347325],[-80.77488263208919,8.12583053704967],[-80.7731863975478,8.125153324947116],[-80.77289615514718,8.125241950250814],[-80.77272563310278,8.12548321332566],[-80.77238995605256,8.126622422328348],[-80.77203363686031,8.127181654518683],[-80.7717888782579,8.127297000242805],[-80.77165433075687,8.12769037372642],[-80.77123267845496,8.127512915111184],[-80.77099793043139,8.127964949469238],[-80.7707804004441,8.127993393282624],[-80.77066493041156,8.127398810202614],[-80.77046756635835,8.12731131007963],[-80.77000129735865,8.128125705894796],[-80.7697358360185,8.128317459831326],[-80.76963411350275,8.127903639965947],[-80.76938092167732,8.128145019311184],[-80.76924663829325,8.127930219177545],[-80.7692508202481,8.12768228820838],[-80.76949858167205,8.127455519647318],[-80.76947023718066,8.12669993270329],[-80.76918973409364,8.126641727305708],[-80.7687054197836,8.126229006032565],[-80.7680517618118,8.12631935040255],[-80.76794852821982,8.12584090060371],[-80.76825612587251,8.125524399172505],[-80.76799717933318,8.12532569359034],[-80.76754838865949,8.125471430582829],[-80.76730973358472,8.125343804276637],[-80.7673263567395,8.125119877961446],[-80.76782039181808,8.124752373149523],[-80.76785304802814,8.124572073903256],[-80.76666636910026,8.124259194844853],[-80.76626053553449,8.124892119132813],[-80.76569409000471,8.124467911052996],[-80.76591731787981,8.124351820295981],[-80.76591051200316,8.123436548562001],[-80.76573271875014,8.122639497097207],[-80.76584154030344,8.121287017780192],[-80.76553183600018,8.121249081151682],[-80.76490657755946,8.121951583608064],[-80.76457076861809,8.121962389624349],[-80.76419338304764,8.121166944268465],[-80.76376060104073,8.120741875744475],[-80.76392325216858,8.119802276895012],[-80.7633095609653,8.118436989104664],[-80.76281735856263,8.117896715989277],[-80.76202706998218,8.117624963512855],[-80.76201627647049,8.116887785654452],[-80.76213176838654,8.116767885440794],[-80.76283325587443,8.117004098947747],[-80.76320037369892,8.117365226075528],[-80.76363354782512,8.117232017892984],[-80.76417837732582,8.117285180799245],[-80.7646175439897,8.117057941464608],[-80.76520136816869,8.117230083785657],[-80.76547965549194,8.116966189081198],[-80.76539370778231,8.116813256439883],[-80.7649831966921,8.116925478834224],[-80.76448900069549,8.11679941029551],[-80.76447439611847,8.116610274595287],[-80.76486762106856,8.11614784531469],[-80.76476205786916,8.1154090215167],[-80.76451109476655,8.115317384683488],[-80.76437268074851,8.115831851161698],[-80.76404419697165,8.1158699783224],[-80.76373816088349,8.114564897355722],[-80.76307189239215,8.114413151381918],[-80.76306152125466,8.114050208363302],[-80.76336445772503,8.113803720119687],[-80.7633525567246,8.113650493581273],[-80.76259775094215,8.113317519103278],[-80.76229088294795,8.11296345131872],[-80.76213669755091,8.111915650964768],[-80.76251802721272,8.111738899565042],[-80.76331132514616,8.111700999480982],[-80.76345570619418,8.111001545000441],[-80.76376488889676,8.110493334046573],[-80.76363164802643,8.11024118504468],[-80.76304213839039,8.110077586248334],[-80.76235072926418,8.109123413549709],[-80.76218485788891,8.108203344011597],[-80.76239901557261,8.107069146452059],[-80.76316823583765,8.105604377765045],[-80.76403554096058,8.105010094474569],[-80.76455235504848,8.104977467815711],[-80.76496343521353,8.104548840102701],[-80.76526217571603,8.104085484287054],[-80.76580091553906,8.102590691150901],[-80.7669534631004,8.10190950170229],[-80.76731342778164,8.101977159909977],[-80.76740468930319,8.102721602575764],[-80.76699259900292,8.104700848020936],[-80.76722615039333,8.105051910837908],[-80.76947544361923,8.104006154776606],[-80.7697290351906,8.103080500177814],[-80.77018656244539,8.102847249318064],[-80.77067553488716,8.102848962740994],[-80.77131127742769,8.103354094967107],[-80.77128819714419,8.104738143589351],[-80.77149664782341,8.10489143680161],[-80.77218088419123,8.1047031127785],[-80.77248902216218,8.103858127800589],[-80.77321466701811,8.103911421534178],[-80.77539756783428,8.103336929680722],[-80.77628833303147,8.103541540473472],[-80.77682687289698,8.103478580726923],[-80.77707730177319,8.103268174150196],[-80.77732388536964,8.10259730433103],[-80.7777851343846,8.101966035573408],[-80.77833689554465,8.101769134226439],[-80.77880056258431,8.101989436227516],[-80.77910013146146,8.102586575251571],[-80.7797191883881,8.102710156013082],[-80.78004091749335,8.103626033421037],[-80.78031937306238,8.104009324088405],[-80.78066144521596,8.104057513276533],[-80.78122479385151,8.103802804875908],[-80.78145219483201,8.103434385517305],[-80.78150043367964,8.102995686470143],[-80.78107042651911,8.099725178132443],[-80.78099710219311,8.099563305799718],[-80.78053484178481,8.099465193859022],[-80.78027364618252,8.099246350694521],[-80.78053618242724,8.098687398355883],[-80.78171475055832,8.097378783329596],[-80.7827837760435,8.096863172404024],[-80.78339069948422,8.096396828443996],[-80.7837207874676,8.095558276814577],[-80.78453443999423,8.09485351921197],[-80.78442259252589,8.094382613714139],[-80.78346127442065,8.093864067576524],[-80.78304002525375,8.094012642533007],[-80.78289300219596,8.09443310815795],[-80.78263320317937,8.094390990003287],[-80.7825918640597,8.093334740763279],[-80.78284145923898,8.093155302384577],[-80.78461743810142,8.092779416654256],[-80.78490210929502,8.09218695029486],[-80.78464689632159,8.091742436272396],[-80.7834417468081,8.090537749972803],[-80.7822736998806,8.089090822908735],[-80.78223892551351,8.088804930107468],[-80.78331153690152,8.088483579937987],[-80.78411876133791,8.087756630666295],[-80.78518888150018,8.088325570222615],[-80.78640111772006,8.088673238186482],[-80.78684572963247,8.088722406281612],[-80.78737041479772,8.088521544022598],[-80.78796604425035,8.08854098558676],[-80.78930371099659,8.088244161642729],[-80.79077429998964,8.088623988864391],[-80.79141088743354,8.08836199426994],[-80.79237001669509,8.087198913028237],[-80.79313173236096,8.087034264020414],[-80.79363659855086,8.0871229847627],[-80.79409858160689,8.087391200371247],[-80.79491853137054,8.087223909856435],[-80.79534583347643,8.087422402357534],[-80.79554287052218,8.088189832769388],[-80.79524386752757,8.089040178742335],[-80.79521714844837,8.089622833113358],[-80.79530755084807,8.089855926523182],[-80.79569180832958,8.089940658634479],[-80.7967949730178,8.089380577582235],[-80.79769531225088,8.088051070322065],[-80.79845189214288,8.087992531104746],[-80.79862101300586,8.087149679679511],[-80.7996991822371,8.086376971749075],[-80.80013264697467,8.086391069643385],[-80.8007283056118,8.086137950037685],[-80.80086372173517,8.084991006921987],[-80.80144322659574,8.084786100602786],[-80.80346409559854,8.084670815824431],[-80.80507205520375,8.084067924766519],[-80.80581404289593,8.08404593557346],[-80.80622449364324,8.083738247950482],[-80.80642496731876,8.08309989120796],[-80.8067752825674,8.082918468239084],[-80.80722591877756,8.083764872718788],[-80.80749641589209,8.083902546463236],[-80.81010851313636,8.083563196197598],[-80.81062496241067,8.083034923417268],[-80.81045150428298,8.082090941919235],[-80.81075123156558,8.081601301084245],[-80.8110663092507,8.081602306092966],[-80.8118424364922,8.082240112741276],[-80.81350191549326,8.081197471461438],[-80.81391079597135,8.080528478189787],[-80.81397283258974,8.07965692354723],[-80.81417127940868,8.079378646551012],[-80.81531068773943,8.079302782606547],[-80.8157044519242,8.079835326140687],[-80.81619926137897,8.079734791251315],[-80.8163523473937,8.07940862322591],[-80.81625839827268,8.078574809004053],[-80.81648988979242,8.07825334447422],[-80.81760882151296,8.077532508883216],[-80.81784089488177,8.076565263737526],[-80.8180326985406,8.076357510261962],[-80.81859316685362,8.076424488498573],[-80.81943364713355,8.076852271691507],[-80.81975024558913,8.077458100034072],[-80.81990962214589,8.078352657503777],[-80.82024362599977,8.078236388209614],[-80.82039456229965,8.077982781340355],[-80.82050556176826,8.075950911910464],[-80.81829113893724,8.075672597585998],[-80.81810524328397,8.07513620415423],[-80.81864794711548,8.074708744977082],[-80.81972184019111,8.07432048817874],[-80.82018650021334,8.07378314330727],[-80.81989093462721,8.072608268897959],[-80.81941704440031,8.072127705408],[-80.81874633892556,8.071771464007668],[-80.81873417695216,8.071612852483822],[-80.82098795993286,8.070676566802888],[-80.82135103342887,8.070245275839827],[-80.82177766726053,8.069310208740788],[-80.82206908989134,8.069469159636196],[-80.82329687537276,8.071153340286937],[-80.82384736960356,8.071314059703486],[-80.82442390447065,8.071053920476889],[-80.82515027582103,8.069730677309952],[-80.82530977061583,8.068995675056065],[-80.82572144029743,8.068832375034637],[-80.82632984810373,8.069301137958824],[-80.82697763760335,8.070756640476409],[-80.82794614826646,8.071201333773024],[-80.82843968846184,8.070280689804733],[-80.82846468140964,8.068960443996795],[-80.82857606923169,8.068755195216927],[-80.82897679355467,8.068546736769722],[-80.82959004310418,8.068480520720026],[-80.83056244439054,8.069671851851856],[-80.83109830044391,8.06986023377418],[-80.83128913676671,8.069571367065024],[-80.83136515486123,8.068751611419795],[-80.8315545228124,8.068298493299187],[-80.83222426901814,8.067784361301793],[-80.83272443786458,8.067142233148406],[-80.83336321833075,8.066984609020428],[-80.83383928559942,8.067363759485083],[-80.83444797407908,8.068307508197956],[-80.83498651061419,8.070148803314932],[-80.83548427469654,8.07001642116894],[-80.83562786998611,8.06981123129451],[-80.83730596304407,8.069390852914944],[-80.8377104415076,8.06956825793451],[-80.83849512714619,8.070806464948772],[-80.83818880558944,8.07133723456049],[-80.83750036582077,8.07160641342064],[-80.83738274624316,8.07181887687963],[-80.83767833400556,8.072256999287264],[-80.83815810468656,8.072305054328648],[-80.8389063734757,8.071933085106977],[-80.8399809110551,8.071126472526087],[-80.84033691801051,8.069935854262397],[-80.84089767959799,8.06914860110904],[-80.84258900532052,8.06891715640539],[-80.84311783296677,8.068720392837328],[-80.84345173917441,8.068471842855526],[-80.84417495495687,8.067475970271348],[-80.84482778123477,8.067021322075066],[-80.84479367288577,8.066671745185946],[-80.84397372125073,8.066472556817926],[-80.84413216740926,8.065750737966747],[-80.84446466039508,8.065214165362297],[-80.84512688740335,8.064849390731826],[-80.8452550001954,8.064545357672113],[-80.84564833798756,8.064300921285213],[-80.84689235038128,8.06410146443617]]]]}},{"type":"Feature","properties":{"OBJECTID":13,"PROV_ID":"09","DIST_ID":"10","CORR_ID":"07","CODIGO":"091007","CORR_NOMB":"CANTO DEL LLANO","SHAPE_Leng":61818.5382217,"CORR_FEAC":"2019-01-12T00:00:00","ID1":87,"CORR_LEY":"LEY  21 DEL 16 DE OCTUBRE DE 2014","Shape_Length":61818.87958399728,"Shape_Area":65407374.3236287},"geometry":{"type":"MultiPolygon","coordinates":[[[[-80.97673676821478,8.12937726375738],[-80.98157875365702,8.150435023767507],[-80.99859716455691,8.183791338455542],[-80.99843785679187,8.18433676540412],[-80.9985309004359,8.184893003515777],[-80.99783071950667,8.186749444179235],[-80.99770077206684,8.188189859673038],[-80.99634066823295,8.189980629368478],[-80.99604418888948,8.190789106148314],[-80.9966931864845,8.191709221668509],[-80.99685368382151,8.19296307511365],[-80.99750268786553,8.193711682632031],[-80.99720725446919,8.194580801845772],[-80.99843316116468,8.195294646039079],[-80.99848666229643,8.195915778601707],[-80.99813772671087,8.19657399137352],[-80.99768411231082,8.197046791063224],[-80.9959603718073,8.198196334180581],[-80.99585102993137,8.199067771475235],[-80.99476001366155,8.200152422281043],[-80.99457390097155,8.201116564205327],[-80.99426450490779,8.201545325816562],[-80.99335725770979,8.202249879415342],[-80.99305947171463,8.20371463264976],[-80.99210336428288,8.204495664608157],[-80.99193930258635,8.204920125158058],[-80.99113727760107,8.205865456900758],[-80.99032569638658,8.206222874216154],[-80.98955749692955,8.206908265915615],[-80.98813474605065,8.207742755435333],[-80.98755627128787,8.20921971984785],[-80.98712892224867,8.209782708582399],[-80.98743626056161,8.210419914924413],[-80.98732308836941,8.210965418684236],[-80.98580552673815,8.211723385760132],[-80.9844425076374,8.212187308700996],[-80.98365374993436,8.211904533561249],[-80.98265091474039,8.212137179720914],[-80.98102955777055,8.210960910055478],[-80.9801054550486,8.211296237652098],[-80.97828636141398,8.21159424131803],[-80.97801479006239,8.21192612530228],[-80.97812409300658,8.21322071468326],[-80.97792322932175,8.213855545682637],[-80.97725693197984,8.214152091991599],[-80.97661492009483,8.214971448905287],[-80.97645249700055,8.214893367181332],[-80.97598391423732,8.213691561694866],[-80.97510728980373,8.213390996592741],[-80.97472255463845,8.21360168386554],[-80.97486918114603,8.214438660274636],[-80.97431478552132,8.215088785672283],[-80.97276037926694,8.214562065954157],[-80.97148777895539,8.21443939648512],[-80.96928444192095,8.215102499804106],[-80.96744436948738,8.215315335892397],[-80.96593067824567,8.215036534537946],[-80.96277304101822,8.211572194582443],[-80.96171992212268,8.210799866942539],[-80.96128088023308,8.210724129853991],[-80.96086089846447,8.211028583815635],[-80.96030991070505,8.212800703386323],[-80.95991435967224,8.213217975479681],[-80.9594509983919,8.213429763737553],[-80.95844920670434,8.213375682815837],[-80.95538228089575,8.212413380155096],[-80.95400768013272,8.21239690927665],[-80.95364798836825,8.213004831286353],[-80.95300268741505,8.21486229612601],[-80.95218825070755,8.216400265949595],[-80.95166875239974,8.217174331115634],[-80.95105504360436,8.217327003908203],[-80.95056061642072,8.21713992326001],[-80.95024902898616,8.216686638827667],[-80.95032958079815,8.214277222584743],[-80.94993029112389,8.213200058290642],[-80.9485742722253,8.21155445458255],[-80.9470720300847,8.207835540256214],[-80.94615067061444,8.206731352998021],[-80.94563533227536,8.206558696435371],[-80.94496899838084,8.206595100777957],[-80.9437279255281,8.206927186217456],[-80.9426152911242,8.207714542216486],[-80.93923169800006,8.211252682837639],[-80.93845546779879,8.213190647771013],[-80.93725160310085,8.21496278568137],[-80.93435835692536,8.217478181180743],[-80.93393084817953,8.217798831275468],[-80.93361198190445,8.21785484159417],[-80.93327951582393,8.217691969372854],[-80.93163238648417,8.215843360606693],[-80.92861010311924,8.213927265951646],[-80.92681243959342,8.213167416380857],[-80.92543937808962,8.213597792164489],[-80.92476236000897,8.213533002974735],[-80.92334398638069,8.212304588229726],[-80.92106572408338,8.211402653839619],[-80.91836835245367,8.209393508263222],[-80.91662260162725,8.209005046467732],[-80.91431388848345,8.209738772187974],[-80.9133175288055,8.20982247090651],[-80.91247048878435,8.209664008589689],[-80.9118646192645,8.209348926515686],[-80.91132233469311,8.20862467298683],[-80.91104235784063,8.207403269061807],[-80.91096890133014,8.20633131250065],[-80.91113439487043,8.204529767132666],[-80.91072028988442,8.20268497568701],[-80.90890360391113,8.199559562009737],[-80.90827793319106,8.1988561288265],[-80.90768262937698,8.198513509447656],[-80.90666032534529,8.198464761541521],[-80.90476328759395,8.199145695773579],[-80.89740995775982,8.203347187398672],[-80.89633191958892,8.204321361555014],[-80.89586179740573,8.205637532266504],[-80.89497712559955,8.20694419803947],[-80.89413233494808,8.207556181855631],[-80.89349378565103,8.207705528444729],[-80.89269245674016,8.207501591512518],[-80.89125098641406,8.206382379979923],[-80.8908335549124,8.205902153759137],[-80.89051092194717,8.20507587406351],[-80.89042499870033,8.203557764074166],[-80.89016494735112,8.202575680537162],[-80.88955644570565,8.201558929782001],[-80.88881289089505,8.200864078349502],[-80.88759481663645,8.200363678331488],[-80.88497261337312,8.200170258042528],[-80.88418136877247,8.199973321987134],[-80.88147453774077,8.198422581695228],[-80.87985459345353,8.198230151606994],[-80.88076684452753,8.197810083115696],[-80.88173833605119,8.196821618451706],[-80.8817735246387,8.196474815416838],[-80.8814354183884,8.195479975518746],[-80.88208555323958,8.195007051084776],[-80.88182176587112,8.194352710212739],[-80.88189163039746,8.193492502065503],[-80.88227088163381,8.193325046836065],[-80.88277361214166,8.193663376350383],[-80.88358130153857,8.193595134325005],[-80.88403942332697,8.193104452850418],[-80.88433094101731,8.192293937464793],[-80.88459770221033,8.192083245771991],[-80.88672821817921,8.192048715924876],[-80.88742647163866,8.19182356013447],[-80.88798960135891,8.192112570677798],[-80.88901974033476,8.193629548792035],[-80.88978348493438,8.19397939289984],[-80.89080772293188,8.193413254186344],[-80.89034554008214,8.192384148898656],[-80.89048800372937,8.191850825149972],[-80.89189327374369,8.191220847142839],[-80.89247076591342,8.190761759171842],[-80.8929939390147,8.19077091471414],[-80.89390070759364,8.19041690964769],[-80.89503035339743,8.19077358868524],[-80.89586918821536,8.190515698412423],[-80.89652250589447,8.191008837413522],[-80.89691892509023,8.191062923030755],[-80.89775430941647,8.190495549441371],[-80.89760881139965,8.190049897215436],[-80.89852752318359,8.189766400367134],[-80.89901634933912,8.190338392985266],[-80.90042490516602,8.191270272963987],[-80.90065524241722,8.191283321713065],[-80.90101047127712,8.191047226694431],[-80.90147067033297,8.19045113785865],[-80.90153258615494,8.190086149779109],[-80.90059196183778,8.189416549989593],[-80.90112477205052,8.189040571621536],[-80.9016975437944,8.187935517545169],[-80.90174608762614,8.187282909493693],[-80.90152592863377,8.186450442111676],[-80.90190461320167,8.185926850138125],[-80.90188418871696,8.184974618820833],[-80.90209180781423,8.184489142392556],[-80.90129998218333,8.183359934290984],[-80.90093222179581,8.183287901210155],[-80.90039960204619,8.18358529803846],[-80.9001843579802,8.183476729247277],[-80.90004665322586,8.182599252121857],[-80.89953995439116,8.181985032879787],[-80.89982919390577,8.18147562274807],[-80.89959244943796,8.180827059641736],[-80.89999263372002,8.180175235311687],[-80.89920539910544,8.179012569530835],[-80.89917771006255,8.178754898130967],[-80.89948531312511,8.178420407531094],[-80.9001923989745,8.178276301281839],[-80.90012823733224,8.177702300205386],[-80.90027908311265,8.177492972074695],[-80.90125556475085,8.177833027175454],[-80.90178759895397,8.17765372917161],[-80.90194546750755,8.1771596364675],[-80.90146135862055,8.176527207430665],[-80.90232733805097,8.176457656225077],[-80.9026233177356,8.176271001207187],[-80.90267339051844,8.17609908070825],[-80.90234107556107,8.17578573175314],[-80.90277227141027,8.175402573024387],[-80.90268767226742,8.174965933549856],[-80.90286533491097,8.174723230373512],[-80.9039665780717,8.17438019447524],[-80.90433872805822,8.174450068434359],[-80.90456578435605,8.174717368527714],[-80.90406375576605,8.175055785303625],[-80.9039927449549,8.175244453221511],[-80.90414088340327,8.17561660248676],[-80.90447192780111,8.175693253397634],[-80.9046886224423,8.175484085653306],[-80.90492410929492,8.174810306433415],[-80.90558359197223,8.174943204042764],[-80.90608072335871,8.174623494769833],[-80.9061621789975,8.17439448611556],[-80.90600857217323,8.173742871196804],[-80.90654568185195,8.173516752277319],[-80.90721892575993,8.173657473813803],[-80.90793355610565,8.17408517106489],[-80.90825931722344,8.173955567479377],[-80.90846392794016,8.173636929402404],[-80.91000933685162,8.173783673457224],[-80.91035631881216,8.173539353760255],[-80.91101544210693,8.173715923901655],[-80.91145511837644,8.174395497768208],[-80.91175259923278,8.174548151670564],[-80.91223746152205,8.174447714103783],[-80.9127930093802,8.17456537650336],[-80.91310490494838,8.174217327936391],[-80.91336202206293,8.174214400807065],[-80.91347752843278,8.174494128563742],[-80.91310791859667,8.17498666363597],[-80.91318074565558,8.175400903759995],[-80.91436849540412,8.175220159944143],[-80.91460578715557,8.175898755816872],[-80.91498976165568,8.175800668987288],[-80.91532447830144,8.175913968562732],[-80.91528238108079,8.176201061955492],[-80.91460193382879,8.176242274688258],[-80.91443533043281,8.176434243060049],[-80.91516038954275,8.176538124735508],[-80.91488728952689,8.176942415967048],[-80.91547314220992,8.177152987076324],[-80.91553538162738,8.177815278363397],[-80.91608614287072,8.177871034437405],[-80.91669802080614,8.178134687978668],[-80.91674207304492,8.178358063080509],[-80.91699994698469,8.178492387009461],[-80.91702498590625,8.178753269721339],[-80.91682268305381,8.179012290285208],[-80.9171983194445,8.17944303922101],[-80.91696305232762,8.179618877320172],[-80.91699241819437,8.179835408278246],[-80.91783439522936,8.180191676787587],[-80.91801354386448,8.18056094454632],[-80.91846165709205,8.180726622401597],[-80.91871159081664,8.181033333023931],[-80.91875985689265,8.181373376240877],[-80.91854768811987,8.181601362467777],[-80.91819916662413,8.181540617799278],[-80.91818662120792,8.18123692010301],[-80.91803007666319,8.181121140798496],[-80.91738785653244,8.181474698549714],[-80.91751025592521,8.182238655559715],[-80.91826135732691,8.182302208770578],[-80.91764858782501,8.182851863144979],[-80.9172899787776,8.18350149662657],[-80.91723359574448,8.183768105552378],[-80.91761850239604,8.184288187133225],[-80.91718956295914,8.18449721697519],[-80.91723573005073,8.185110030343312],[-80.91697617801898,8.185237256691432],[-80.91687152724663,8.18566096987734],[-80.91652064603885,8.186056363324528],[-80.91678746604688,8.186896452394583],[-80.91701521745115,8.186927935860494],[-80.91733137732261,8.186679557131193],[-80.91768438411646,8.187011181621864],[-80.91730163786072,8.187557934174398],[-80.91782779224754,8.187653810420253],[-80.91711282853447,8.189065273712613],[-80.91716593851321,8.18933960993637],[-80.91740651391251,8.189574641314334],[-80.91722024823626,8.18987143449129],[-80.91748881179659,8.190084787776852],[-80.91749304184918,8.19046264648892],[-80.91773840638348,8.190803089920164],[-80.91731554701357,8.191312661851873],[-80.91802491464357,8.191661498196238],[-80.91829642867683,8.192052593931452],[-80.91933861626507,8.192514890918693],[-80.91923566188402,8.193100913026953],[-80.9202306515846,8.19330846364438],[-80.9204366415064,8.193787372778223],[-80.92025973782624,8.194104008551884],[-80.92038657502076,8.194369921270228],[-80.92097970071637,8.194337784475175],[-80.92118136450175,8.194672033760725],[-80.92171466534727,8.194469653165042],[-80.92222492880417,8.19469872862446],[-80.92216870152865,8.195424217927025],[-80.92189428559395,8.195464458794783],[-80.92155437392327,8.195170874915998],[-80.92126545140037,8.195500127629309],[-80.92201383749328,8.196826440440185],[-80.92277984266262,8.19679629909676],[-80.92318280486761,8.197544368566014],[-80.92311606926303,8.197777539636554],[-80.92248972930811,8.198149911730463],[-80.92241016788783,8.198638277912321],[-80.9233359055727,8.199148295890248],[-80.92375511046302,8.198910812690972],[-80.92415473685361,8.199110542123904],[-80.92480768283772,8.198659419041789],[-80.92548316647164,8.199155428232153],[-80.92653432705315,8.199223494616303],[-80.92689550503967,8.19902014688253],[-80.9269651775404,8.19843847859746],[-80.92722356657423,8.198211490613183],[-80.92752531083093,8.198445215400202],[-80.92802192642301,8.19848630017525],[-80.92799917767114,8.199039927066941],[-80.92830591428032,8.199255181333356],[-80.92851333127315,8.198763810920495],[-80.92897109823285,8.198981266863328],[-80.92932601094343,8.198748699904503],[-80.92984413124098,8.19880652754455],[-80.93019734265043,8.19765328908114],[-80.93041840606332,8.197441802810665],[-80.93116200071508,8.197205482073564],[-80.93205142579164,8.19733864729761],[-80.9326455873117,8.196842734588616],[-80.93310829610397,8.197276948489174],[-80.93356051082472,8.196955383827094],[-80.93409324969457,8.19712593656237],[-80.93424743611025,8.196917698124507],[-80.9343505002598,8.196171486054256],[-80.93476153358264,8.195795324849085],[-80.93528979711265,8.19618098269543],[-80.93638530708749,8.196137192385383],[-80.93665073293491,8.196310499980259],[-80.93717041793407,8.196144529191319],[-80.93764780635568,8.19633136311246],[-80.93778267559372,8.196203302907351],[-80.93772754478962,8.195691498527065],[-80.93787843833731,8.195537578875655],[-80.938492462552,8.195976472869445],[-80.93872592302154,8.195873674154697],[-80.93891779033349,8.1954023505286],[-80.93915083813549,8.195216195750472],[-80.9393914243672,8.195254786442732],[-80.93982573392147,8.195627112957455],[-80.94009096885888,8.19560967388616],[-80.94026205473554,8.19502914244918],[-80.94053562300742,8.194899748618365],[-80.94056660009623,8.194727785358703],[-80.93988545322591,8.194081940575991],[-80.93975689743361,8.193717999791325],[-80.94039850114487,8.192798649899801],[-80.94007397301846,8.192049210454474],[-80.94013660161538,8.191681267440318],[-80.94042781556165,8.191309476803122],[-80.94016059953304,8.190915190690191],[-80.94068275537572,8.190602864535961],[-80.94007392085106,8.190115631081598],[-80.93998793131102,8.189845293672006],[-80.9407474165892,8.189082085248355],[-80.94082661199984,8.188688177677298],[-80.94134405578316,8.188273287899671],[-80.94157936160461,8.187159038125175],[-80.9411458921717,8.186693069416005],[-80.941444586754,8.186079648350653],[-80.94127704644873,8.185927562483288],[-80.94114855016743,8.185364930178606],[-80.94190647405146,8.184977876696742],[-80.94197264451132,8.184738862432578],[-80.9421665936477,8.184725275009713],[-80.94191657561691,8.184252252515366],[-80.94151655084279,8.184595134723539],[-80.94119966672872,8.184533317219264],[-80.9414084466011,8.184289773003139],[-80.94134916143244,8.183787792475322],[-80.94175414935873,8.183541054510178],[-80.94213392646026,8.183533670998115],[-80.94201953978506,8.183177176298905],[-80.9421755441489,8.182868527463642],[-80.94190995891543,8.182542657104156],[-80.94237304046952,8.182373368719507],[-80.94241021381622,8.182213173334333],[-80.94233744233529,8.182052825682634],[-80.94196083229106,8.181947521396078],[-80.94186371472591,8.181727239404125],[-80.94240322325975,8.181594063333325],[-80.94240723226879,8.180702925041661],[-80.94266221900398,8.180866005893696],[-80.94310648685187,8.180650939368789],[-80.94323626965277,8.179726952889864],[-80.94337915422469,8.179617700935523],[-80.94368423589408,8.179708995169898],[-80.94406759195557,8.179139802462844],[-80.94499592359728,8.179438845582736],[-80.94579875419035,8.179492473377332],[-80.94579929937447,8.179354540873744],[-80.94558177002831,8.179279171917806],[-80.94574127803799,8.177795553351633],[-80.94543307249826,8.177283898180107],[-80.94495952734614,8.176881517633344],[-80.94518807799494,8.176340895389655],[-80.94453947831286,8.17387259686484],[-80.94409308681814,8.173737960475606],[-80.94415218526679,8.173501866411085],[-80.94401737519321,8.17331425008504],[-80.94315805619098,8.172927926516815],[-80.94335201494175,8.171943011999494],[-80.94296224762593,8.171564141831414],[-80.94256834318853,8.171546938599754],[-80.94268877570268,8.171154722214688],[-80.94246418678593,8.17098969727185],[-80.94253461977884,8.170767981903813],[-80.94239386268097,8.170590875019174],[-80.94190890303848,8.170480001336369],[-80.94171757444796,8.170255625253855],[-80.94154179497517,8.17029575547067],[-80.94129141688211,8.170109739744635],[-80.94124835840582,8.169893960034447],[-80.94099780639932,8.169911901458795],[-80.94089036900786,8.169138509461401],[-80.94067208217824,8.168918730372695],[-80.9408802206594,8.168556999726283],[-80.94069316108279,8.168395147904821],[-80.94070193063533,8.16810003965951],[-80.94014234327439,8.1669592061578],[-80.94055842737434,8.165995209697973],[-80.94071498898315,8.166424765225871],[-80.94099148938122,8.166248535529526],[-80.94079585925957,8.164187939282149],[-80.94057530154932,8.163473632686252],[-80.94024338618024,8.16290587250165],[-80.93828135866991,8.160762110315131],[-80.9374250986684,8.1602939369717],[-80.93685750040952,8.160428565012996],[-80.93671203619843,8.1601930758574],[-80.93665971651069,8.159600311163413],[-80.937038438138,8.159005945671543],[-80.93684624057164,8.158597724060154],[-80.93766219317904,8.157697023812322],[-80.93725354469107,8.156217384410045],[-80.93787547749797,8.155871249088241],[-80.93790056959263,8.15557889215726],[-80.93809237370141,8.15546805104441],[-80.93801107693801,8.155233219756902],[-80.93833036200344,8.15498221838081],[-80.93816924658,8.154653012513302],[-80.93796250653229,8.154784340302774],[-80.93777974079913,8.154694911283315],[-80.9375753868379,8.15432515398205],[-80.93752322484056,8.15367189849859],[-80.93770121679567,8.15319296403876],[-80.93809808197963,8.15314194137246],[-80.93801313488409,8.15268088020143],[-80.9384712065854,8.152092911337695],[-80.93827566517388,8.150669006933157],[-80.93809975571732,8.150474491393327],[-80.93842352031805,8.150224482830172],[-80.93870149853444,8.149570094194061],[-80.93370363760629,8.148199127367626],[-80.94081052413746,8.145100775766295],[-80.94110999790949,8.140688782900794],[-80.94236125829333,8.137280664021171],[-80.94032245648062,8.129762290685095],[-80.95707776797205,8.120349245871866],[-80.95900386603033,8.120878749918557],[-80.95973400513472,8.120297655837053],[-80.96010823334964,8.120180330952751],[-80.96030262072055,8.119291571761797],[-80.96027763088388,8.118705295217834],[-80.95986808309888,8.1176437972969],[-80.96006968610676,8.117305766872791],[-80.95994603216143,8.117034878174083],[-80.960195838713,8.11685251643343],[-80.96024153929451,8.11636099834251],[-80.96009738684495,8.116107974349658],[-80.96026160487813,8.116002570520958],[-80.96353594355907,8.11597167982457],[-80.9663170335207,8.118916428870962],[-80.97162972004239,8.10839109208686],[-80.97421692331777,8.113902013102901],[-80.97382529010491,8.11407073379467],[-80.97342826689624,8.113710299067735],[-80.97310676641904,8.11373879844135],[-80.972816794802,8.114119858998404],[-80.97273253062079,8.114893418425561],[-80.97198445848855,8.115103840218467],[-80.97169389756007,8.115523650834767],[-80.9716447079111,8.115902103079362],[-80.97189842098032,8.116813364517968],[-80.97250336837274,8.117440123388175],[-80.97239795952683,8.117615912861257],[-80.97169765151956,8.117875568361649],[-80.97151253007108,8.118073067585767],[-80.97127799953643,8.11941296203402],[-80.97131552729319,8.120012084345971],[-80.97167287549904,8.120933717371884],[-80.97227958595893,8.121310026606414],[-80.97280442399408,8.121997226904963],[-80.97314943596757,8.122003391708358],[-80.97309698705807,8.122493771897727],[-80.97332655376643,8.122898254693382],[-80.97366764982577,8.123111428665663],[-80.97369480173747,8.123402225120103],[-80.9743934911746,8.12333268085734],[-80.97532826450255,8.124941799843254],[-80.9759115149676,8.125168250853804],[-80.97588849075275,8.126228205462649],[-80.9762578309567,8.126432617445232],[-80.97671691108987,8.127132855946247],[-80.97697436836808,8.128067995006031],[-80.97719611785824,8.128256261478832],[-80.97717737125188,8.1286272859019],[-80.97673676821478,8.12937726375738]]]]}},{"type":"Feature","properties":{"OBJECTID":14,"PROV_ID":"09","DIST_ID":"10","CORR_ID":"16","CODIGO":"091016","CORR_NOMB":"SANTIAGO SUR","SHAPE_Leng":0.0,"CORR_FEAC":"2017-12-31T00:00:00","ID1":1,"CORR_LEY":"No. 68 DEL 30 DE OCTUBRE DE 2017","Shape_Length":79178.91776612864,"Shape_Area":192100038.03439772},"geometry":{"type":"MultiPolygon","coordinates":[[[[-80.98734121520945,7.738738124318195],[-80.98638825033952,7.737275893739754],[-80.98531833675963,7.736688778201288],[-80.98481407261282,7.736225614256115],[-80.98425540962153,7.735084179130154],[-80.9833669929998,7.734193755925014],[-80.98294081680201,7.733401274351164],[-80.9835555856403,7.733047165985658],[-80.9839831479927,7.732982874775181],[-80.98543200886337,7.733654376695819],[-80.98637789072146,7.733386458948996],[-80.9881664936505,7.732466262026986],[-80.99052297759523,7.732466335313941],[-80.991156137671,7.731962009428247],[-80.99129787503013,7.730424023283144],[-80.99164858241019,7.73008666388453],[-80.99214013077774,7.73044871710811],[-80.99223682328383,7.731184518074497],[-80.99259518361725,7.731780559880916],[-80.9932024587119,7.732101887530674],[-80.99383762539291,7.732048414651787],[-80.99432547529554,7.731246368141477],[-80.9949382321632,7.730642827957459],[-80.99608562143294,7.730476720812247],[-80.99686916094299,7.730135596968895],[-80.99708769413412,7.729671009277091],[-80.99674584845575,7.728977749342757],[-80.99683819250835,7.728432840644256],[-80.99857762563441,7.727553260691339],[-80.99885700944658,7.72767781861273],[-80.99890476957465,7.72816772685252],[-81.00011002535629,7.7281892542255],[-81.00074548974408,7.728491627751064],[-81.00337470572386,7.731145608374524],[-81.00408152711641,7.731637101370644],[-81.00484876268727,7.73148224234092],[-81.00646573214942,7.729735931743083],[-81.00726067648756,7.729335159592636],[-81.00814426758231,7.729223037950917],[-81.01035210490119,7.729750937066898],[-81.01196116408025,7.729469779123939],[-81.01383170476447,7.728821243967881],[-81.01449214193745,7.728960842895886],[-81.01501659609502,7.729384882178862],[-81.01540943241801,7.730313142065889],[-81.01561033056487,7.731453046513193],[-81.01585739185748,7.731689653117837],[-81.0161969862421,7.73173403380036],[-81.01663195530841,7.731421728920871],[-81.01688915076782,7.730913434528013],[-81.01692550177053,7.729464172076151],[-81.01754958281622,7.727927671044041],[-81.01755604761729,7.727286630325776],[-81.01647191236074,7.726004593437914],[-81.01616860248231,7.725279682185255],[-81.01675177793251,7.724554803798488],[-81.01761088560536,7.724298392297681],[-81.01861795024192,7.724565738772232],[-81.01976054930043,7.725786908317809],[-81.02096746427438,7.726451559280404],[-81.02148003640636,7.726585828563293],[-81.02398757816792,7.72641927830979],[-81.02659751090721,7.727357690817504],[-81.02815201755703,7.728188946171944],[-81.03121737751248,7.731050615471985],[-81.03258109765014,7.731549392144026],[-81.03535582150063,7.731751340261664],[-81.03996356215755,7.731670665302371],[-81.04307449197269,7.731782183514176],[-81.05140384891222,7.732351507045824],[-81.08084027168988,7.734833092416211],[-81.11018017291826,7.791939396222777],[-81.07776963269897,7.814213877403411],[-81.0669593950789,7.820250650826674],[-81.03536629416413,7.820491573895366],[-81.03329261182603,7.820812681450664],[-81.03127673603396,7.821430319249514],[-81.02933555265105,7.822350574643554],[-81.02769192857525,7.823464000047344],[-81.02464350587216,7.826481379380456],[-81.02132934968947,7.829067128761579],[-81.02087004892236,7.829717360472794],[-81.02065670107514,7.830488398511495],[-81.02063921730436,7.834489741061704],[-81.0209848265043,7.839789078371257],[-81.02132220574137,7.841123751172318],[-81.02165665402396,7.841642857836782],[-81.02216679501468,7.841986699705073],[-81.02437863051837,7.84228670666939],[-81.02523166167265,7.842726497047019],[-81.02657145047941,7.844582090272874],[-81.02696642610724,7.845401999069251],[-81.0271484090714,7.846179469252821],[-81.02714329094749,7.84698751386986],[-81.02694806459279,7.847771635965376],[-81.02661109745384,7.848405889170343],[-81.02611344535524,7.848910196405189],[-81.02492949449592,7.849424706116999],[-81.02347365039326,7.84920378007342],[-81.02288881717362,7.849251711560849],[-81.02163492714803,7.850048879624273],[-81.02132684831373,7.850559641719448],[-81.02139531889216,7.85100739543333],[-81.02208934469765,7.851384528356181],[-81.02274905090052,7.852081196611153],[-81.02393272715118,7.853500762728206],[-81.02466579803479,7.854761488437862],[-81.02584259267452,7.856229968952426],[-81.02578848718994,7.856766430635069],[-81.02545253832741,7.857004489190065],[-81.02513706390957,7.856863607340581],[-81.02471907608845,7.856243057684684],[-81.024430075946,7.856205736087783],[-81.02387647189244,7.856919096086074],[-81.02325692934986,7.857378345953119],[-81.02338171490166,7.858838169196582],[-81.0240602478022,7.859243945197397],[-81.02433132659819,7.859745863482273],[-81.02430831270637,7.860264785454409],[-81.02405877590533,7.860652702872879],[-81.0235460735156,7.860715413499928],[-81.0229118904066,7.859973807726354],[-81.02178654287277,7.859688563486108],[-81.02143220983419,7.86178382899573],[-81.020826825315,7.861845185086734],[-81.02067344819449,7.86225270387378],[-81.02028629865687,7.862371284506336],[-81.02038394007799,7.8614574439754],[-81.02017388198543,7.861085523809754],[-81.02000165117921,7.861565708494898],[-81.01946034693202,7.861888709358358],[-81.01951525064239,7.862619349036148],[-81.0193094992411,7.862842208982577],[-81.0191705659268,7.862760654672151],[-81.01895417474397,7.862072936469564],[-81.01864824335955,7.861762944325627],[-81.01836515247518,7.861699931484981],[-81.01793484606603,7.862003644791425],[-81.01768689623857,7.861965046817186],[-81.017544528311,7.861390023130242],[-81.01760747582756,7.860870999456419],[-81.01713753316493,7.860825118730006],[-81.01702297889051,7.860995919956429],[-81.01701650424566,7.861788602729881],[-81.01660929535043,7.862592765016461],[-81.01616876482029,7.862891638411191],[-81.01556891563934,7.862966596742913],[-81.0153000754558,7.863194551549619],[-81.01466853977745,7.8640921512521],[-81.01418622898225,7.864515888740216],[-81.01423071084805,7.865093530093341],[-81.01383461085489,7.8656060478168],[-81.01309044614328,7.865524814038789],[-81.01241647723928,7.863736697821676],[-81.01188301329897,7.863689249114391],[-81.01166248047848,7.863513161634144],[-81.01163687746765,7.863330383067941],[-81.0119203956057,7.863103446010011],[-81.01195416311953,7.86284466724117],[-81.01131716772754,7.862497492534981],[-81.01081680330104,7.862647468421483],[-81.0104116675893,7.861977045820391],[-81.01006968995105,7.862231136400714],[-81.01003478162453,7.862514430476156],[-81.01068265778939,7.862742447177441],[-81.01086096189417,7.863155343193031],[-81.01054265555382,7.863335692789387],[-81.0101166130914,7.862910136109662],[-81.00976700668299,7.862986479411354],[-81.0097485038395,7.86326887484196],[-81.00999698064848,7.86371927902371],[-81.0098151218648,7.863916337469083],[-81.00956529805065,7.863863345891798],[-81.00895907292427,7.86331722313487],[-81.00770603079792,7.862763453835601],[-81.00708062859445,7.86294198454829],[-81.00638770594293,7.862883135851423],[-81.0053078388446,7.863097425185892],[-81.00467513053519,7.863418190153308],[-81.00422993633617,7.86482517302954],[-81.00461692571534,7.865353928424106],[-81.00499170990444,7.865468428924805],[-81.00476411991836,7.865957429226375],[-81.00433793762858,7.86590960426707],[-81.00350786738782,7.865255190012218],[-81.00314093321293,7.865600335494826],[-81.00230590351651,7.865962792262018],[-81.0020046958637,7.865982037443568],[-81.00171783412095,7.865610220632918],[-81.00136396198965,7.865651110812973],[-81.00069949045503,7.866217953924603],[-81.00061442253018,7.866545531850666],[-81.00074162517093,7.867303247265001],[-81.00024541864059,7.867423359097144],[-80.99993870794847,7.867322655275322],[-80.99975580039535,7.86773636710575],[-80.99920529021833,7.868051048770361],[-80.99605045204,7.86840750943258],[-80.99545065709727,7.868604817083273],[-80.99516215967824,7.868900198282649],[-80.99513225411327,7.869299305662898],[-80.99490972632019,7.869395088803605],[-80.99495133725846,7.869665657992639],[-80.99453936534017,7.869854683479887],[-80.99456713932143,7.870319389409144],[-80.99441692102316,7.870470877890231],[-80.99404554738766,7.870398755752813],[-80.99393922194349,7.870241492678014],[-80.99437845499281,7.869563585467423],[-80.99430953061155,7.86896851541927],[-80.99318811912951,7.868397123655377],[-80.99256500879237,7.868444900138905],[-80.99177367290525,7.869825155116011],[-80.99279897181894,7.870530080281315],[-80.99353268017201,7.870080340870696],[-80.99365717201891,7.870612243648814],[-80.99331739657423,7.870945653229775],[-80.99291785183556,7.871021099727203],[-80.9927919877522,7.871254323257276],[-80.99220872774119,7.871246179924245],[-80.99172025230703,7.871040581043871],[-80.99134348905717,7.871236067160299],[-80.99155457866608,7.871843612600361],[-80.99083312220655,7.87215204912217],[-80.99067866336026,7.872882829634997],[-80.99046956316482,7.87314216254743],[-80.98996461061253,7.873303385132095],[-80.98953517196203,7.873226198408015],[-80.9887510741801,7.87225836306933],[-80.98761358670241,7.871802457643271],[-80.98643778361506,7.873254084151357],[-80.98576669082402,7.873451705754431],[-80.98482414602398,7.872991093834216],[-80.98389068028044,7.872933729766263],[-80.9834128996658,7.873073207097894],[-80.98283048253352,7.872873108366411],[-80.98264930041373,7.874412450902417],[-80.98237206724187,7.874744691762579],[-80.98190715509219,7.874945244751351],[-80.98141269851699,7.874841657250333],[-80.98085717021573,7.874998999605936],[-80.98053561181852,7.874685313879866],[-80.9802006644416,7.874668971783612],[-80.98003119839092,7.874400197027201],[-80.98021050759775,7.873763504162914],[-80.98008549542519,7.873183132914589],[-80.97977936526522,7.873059608625858],[-80.97965793379025,7.872772671526128],[-80.98018815907541,7.872205263145305],[-80.97988584792796,7.871440831470251],[-80.9801259917807,7.870853725875027],[-80.98001684726852,7.870473419744069],[-80.98035165742787,7.870018542691476],[-80.98102134605094,7.869992137717626],[-80.98115969748791,7.869809762744469],[-80.98075411751594,7.869426291881826],[-80.97999683193699,7.867779325782879],[-80.97929558615061,7.867434466760825],[-80.97886495009324,7.867945071841237],[-80.9778384627516,7.868283410671134],[-80.97779358114872,7.868673987807678],[-80.97755127059565,7.868758890584441],[-80.97766210012061,7.869165858501641],[-80.9773385042197,7.869564177255196],[-80.97635595347123,7.868593765176166],[-80.97583646566372,7.868643985764542],[-80.97511821589231,7.868457839414588],[-80.97482491769166,7.868924301327465],[-80.97490790032388,7.869510168743188],[-80.97478377673819,7.869770416159896],[-80.97425204591791,7.870322358726079],[-80.97417600657451,7.870601011286201],[-80.97354373964019,7.87110209140897],[-80.97330497798258,7.871774272668595],[-80.9727483314501,7.872082036329014],[-80.97156914947207,7.872227627650402],[-80.97112405119101,7.872099913060878],[-80.97065683262367,7.87276172970739],[-80.9697306025086,7.873063777253508],[-80.96806626870514,7.873151801495288],[-80.96748302086168,7.873554248235536],[-80.96689176618096,7.873395861339056],[-80.96610926269281,7.873524984594264],[-80.9659967994077,7.873798057855038],[-80.96547318893961,7.873925580756545],[-80.96513214051625,7.874926071747781],[-80.96464446047393,7.875023040527277],[-80.96447173845114,7.87522338249766],[-80.96392436056001,7.875129941690454],[-80.96329085773657,7.874160005013325],[-80.96261083103443,7.873927801205045],[-80.96215771980177,7.873979766477312],[-80.961483604257,7.874326984952422],[-80.96119239886286,7.875268164306861],[-80.9607169320947,7.87582329862996],[-80.95891050099043,7.876206122790766],[-80.95875128355928,7.877314402757214],[-80.95851889019224,7.877666702522837],[-80.95822884239267,7.877738743676446],[-80.95802241436877,7.877525444883629],[-80.95732445010395,7.877471876903931],[-80.9564002649967,7.877034095753877],[-80.956291213679,7.877219541008222],[-80.95564195747815,7.877268075759725],[-80.95500522822206,7.877637222351642],[-80.95482970004701,7.877368643097756],[-80.95458194337779,7.877301076421188],[-80.95450263870437,7.877550946314835],[-80.9537783996424,7.877723884177905],[-80.95323035058951,7.878228229800414],[-80.95323379909252,7.879381560943499],[-80.95302939924791,7.87963710713982],[-80.95268194501092,7.879663741734294],[-80.95246494762246,7.879504958701894],[-80.95225942983295,7.878998220541038],[-80.95198734727121,7.878829834501356],[-80.9515223042567,7.878782856910491],[-80.9508062993392,7.879060988214474],[-80.9453063550673,7.859717095342896],[-80.94963517251762,7.831847127581036],[-80.94836397405496,7.831485621972911],[-80.94756885712783,7.83181772074848],[-80.94691917493293,7.831847389609485],[-80.94619755585522,7.831254506806354],[-80.94521465475212,7.83128380566071],[-80.94513208510816,7.830757851639788],[-80.94482099913895,7.830532120939377],[-80.9441452296308,7.830505798764054],[-80.9435039430302,7.830154034886542],[-80.94310943021905,7.830248681385632],[-80.94152041858351,7.830167133028856],[-80.94194153511155,7.829654382173651],[-80.94233410040749,7.828548230445288],[-80.94221884328127,7.827896129213684],[-80.94276129484075,7.827513724323294],[-80.94300710169189,7.826639527843477],[-80.943766405347,7.826074202186554],[-80.94424070318675,7.825140787351907],[-80.94419559641615,7.824399043701518],[-80.9451320355972,7.823964738534881],[-80.94550399861483,7.823592276076666],[-80.94631047604578,7.823430507947831],[-80.94630884329149,7.823203922029942],[-80.9459874781431,7.822955974775655],[-80.94602375436497,7.822630225590061],[-80.94674526701161,7.82222781125124],[-80.9468108254389,7.821871012941386],[-80.94672501430965,7.821605086004851],[-80.94629923003828,7.821291028481947],[-80.94629894947954,7.820903131131457],[-80.94707658475453,7.819600839797644],[-80.94766300857964,7.817617554741872],[-80.94783619491147,7.817487055875816],[-80.9484001626068,7.817491965463102],[-80.94874016028268,7.817294502777171],[-80.94880430840549,7.816953217142474],[-80.94859457900647,7.816197821881282],[-80.94892140567438,7.815675970274447],[-80.94898329908172,7.814492973008361],[-80.94934076855236,7.81433027516707],[-80.95029892839146,7.814407259627707],[-80.95112878231969,7.813374301906364],[-80.95108058536258,7.813098013795691],[-80.95047861458227,7.812803632304097],[-80.9503843661192,7.812549310550974],[-80.95066737315624,7.811904983513767],[-80.95155429898554,7.81173064017535],[-80.95158233022931,7.811350877889804],[-80.95112825705573,7.810925252147367],[-80.95113169944338,7.810541208451769],[-80.9513208211008,7.810386965144492],[-80.95166560833738,7.810376285629049],[-80.95216140355348,7.810982376805701],[-80.95272104696417,7.811148356571064],[-80.95307638727382,7.811104868579107],[-80.95344952151973,7.810719101831505],[-80.95349430692399,7.810393842079041],[-80.95326842148371,7.809778926685397],[-80.95338612133182,7.808930136324189],[-80.95419151888429,7.807471343567626],[-80.95430690721678,7.806586342916804],[-80.9542199928673,7.806265745363651],[-80.95365232666887,7.805940553573298],[-80.95376827234675,7.805379859902573],[-80.95363186577822,7.804946971521066],[-80.95370086434217,7.804389863810703],[-80.95414014068405,7.803548833952862],[-80.95352485976068,7.802426927915235],[-80.95365903682729,7.802300076672346],[-80.95429960634874,7.802404307741805],[-80.95475127010802,7.802289059686262],[-80.9545490229694,7.801405607647447],[-80.95496946204813,7.801244178015201],[-80.95501665483101,7.801040836203984],[-80.95491681985062,7.800685528324925],[-80.95462806291576,7.800546899310331],[-80.95440080486733,7.80063742172001],[-80.95421134696495,7.801040242391392],[-80.9539888565475,7.801157333032254],[-80.9534749192774,7.800918551633879],[-80.9531538460897,7.801046359113491],[-80.95300987620115,7.800970503629075],[-80.9529899270302,7.800218016563454],[-80.95228711858793,7.799456136053427],[-80.95221543438731,7.798717256757347],[-80.95136222470346,7.798276407276759],[-80.95156851683862,7.797632168914207],[-80.95122244269292,7.796886030461208],[-80.95075516470679,7.796508806721054],[-80.94934738278717,7.796134319496774],[-80.94940580176817,7.795652181270191],[-80.95007675732415,7.795228515212374],[-80.95006236794988,7.79436220630769],[-80.9497021721592,7.793992501874714],[-80.94900014823357,7.793657844157655],[-80.94855446028406,7.793133908429322],[-80.94803854470028,7.792942030869386],[-80.94766903371064,7.793227494726755],[-80.94733509224402,7.792828121824547],[-80.94633492794867,7.792497918218841],[-80.94635093162988,7.792307417261859],[-80.9471266463642,7.792077917427993],[-80.94820318406424,7.791158391888427],[-80.94819567213244,7.79102000985525],[-80.94788786180656,7.790859392999379],[-80.94767686616574,7.790351776297852],[-80.94767428606758,7.789764854085888],[-80.9485522410344,7.789595391064615],[-80.94890054675703,7.789113098789601],[-80.9485376217654,7.788461963166234],[-80.94845649147659,7.787834470698135],[-80.9480798469053,7.787334847494773],[-80.9468969950711,7.786846567391149],[-80.94649131206003,7.785886431805569],[-80.94600783933534,7.785535849160297],[-80.94644730575249,7.785276175532124],[-80.94762789050469,7.785166653590112],[-80.94815602180945,7.784566997757793],[-80.94888033044029,7.784522472560978],[-80.9489365611545,7.784290809547661],[-80.94874056817325,7.783863530304565],[-80.94815964340388,7.783274936548592],[-80.94821212086526,7.782714118452779],[-80.94843331190877,7.78230480014075],[-80.94910442011336,7.781634811485499],[-80.95047457947165,7.781823559044212],[-80.95111865818592,7.78172960425754],[-80.9512745067796,7.781422809279928],[-80.95124629114375,7.78040792352425],[-80.9514264770983,7.780145229691015],[-80.95245629847798,7.779977223035873],[-80.95332302414768,7.780395132209928],[-80.95394685451683,7.780502564045217],[-80.95513459964376,7.780285694375693],[-80.95537209784702,7.780634151373615],[-80.95525631507631,7.781198699649568],[-80.9556116405986,7.781604980536672],[-80.95595560454188,7.781330651092285],[-80.95590370303351,7.780533004260523],[-80.95601402382452,7.780169359927795],[-80.95737065506621,7.780205962279769],[-80.9581107377774,7.779939124276322],[-80.9587446682791,7.779986170369395],[-80.95965924465892,7.7797589493295],[-80.95978931291585,7.779634510758567],[-80.95979634994889,7.778807236341442],[-80.96010285926604,7.778438543870821],[-80.9607669302783,7.778012100770789],[-80.96210192543697,7.777689046385976],[-80.96247862210494,7.777428482868526],[-80.96252026228196,7.777063781387794],[-80.96204305101419,7.77618362724592],[-80.9624781969413,7.775374328202878],[-80.96303401295354,7.775338673776643],[-80.96366050532997,7.77508222761583],[-80.96385411096139,7.774857810725227],[-80.96381341202246,7.774319650815718],[-80.9630638447599,7.773469885892528],[-80.96288373422655,7.772451946904316],[-80.96291970619784,7.771723308427988],[-80.96357667181799,7.770934851355648],[-80.96311052942282,7.770528404508521],[-80.96235034390857,7.770204473665695],[-80.96208594502458,7.76986381535258],[-80.9612159833895,7.769901402929913],[-80.9609581070503,7.769781170750509],[-80.96057762181252,7.76848374496632],[-80.96006372600688,7.767437423515673],[-80.95982179265536,7.767242302280494],[-80.95939096100739,7.767284595894832],[-80.95929432861469,7.767177684230095],[-80.95930969175406,7.766861718354543],[-80.95969979164579,7.766312608429299],[-80.95936314807216,7.765498615986051],[-80.95915389141581,7.76541450663954],[-80.95888205858773,7.766024432419763],[-80.9580555069362,7.766702988173559],[-80.95648515551154,7.766769171134168],[-80.9559578669833,7.766580160395828],[-80.95568991082993,7.766910011193912],[-80.9550959702639,7.766937746154316],[-80.95450535386121,7.766456885248347],[-80.95470004670275,7.765023211767522],[-80.95501010417502,7.764556771234457],[-80.95645945973487,7.763565938248462],[-80.9565408950445,7.7631066933233],[-80.95629610358154,7.76286708234239],[-80.95422128258079,7.762542695888794],[-80.95358572009204,7.762246775336823],[-80.95341855308848,7.761965768304302],[-80.95351710085117,7.761710429325254],[-80.95384010351238,7.761510518462116],[-80.95442910281575,7.760472375147621],[-80.95530479158766,7.760102491729518],[-80.9562533479929,7.760034854651516],[-80.95675859993449,7.759756009765719],[-80.95875755295654,7.757383118434523],[-80.95915691139166,7.75642299488218],[-80.95908596706607,7.755153824501715],[-80.9592098723169,7.754458508466139],[-80.9604521649831,7.752308106386035],[-80.96074540272068,7.752105307235316],[-80.96108063714512,7.752190046979647],[-80.96167483963649,7.753615669508413],[-80.96220787642193,7.75387382777313],[-80.96252668161486,7.753727324429796],[-80.96336603017704,7.752793262271405],[-80.96455352670382,7.751818096907284],[-80.96471313435276,7.751207245025108],[-80.96446994757405,7.750762316755597],[-80.96403545765688,7.750439002886411],[-80.96302951145776,7.750079747084947],[-80.9624714637298,7.749566536193081],[-80.96237846864133,7.749080416027644],[-80.96261609251121,7.748635776708753],[-80.96337336521078,7.748103621142237],[-80.96477301923716,7.747715098671029],[-80.96542878074939,7.746900130163151],[-80.96611047101558,7.746477011686514],[-80.96805342900238,7.744693407837882],[-80.96856269553143,7.744457709400183],[-80.9693052515203,7.742411961049571],[-80.9705186682296,7.740083230471134],[-80.97101831405467,7.740032627988148],[-80.9717655003901,7.740502101066924],[-80.97262848014893,7.740776921197265],[-80.97365335953124,7.740516958161156],[-80.97382225623244,7.740243530777489],[-80.97379086879177,7.739880107500586],[-80.97323040306009,7.738354811601738],[-80.97352671497487,7.737901719125908],[-80.97384961326757,7.737888579405501],[-80.97477796669014,7.738486615320533],[-80.97620971608004,7.738819209908051],[-80.97709457266019,7.73926668861953],[-80.97852109505901,7.740792943863789],[-80.98076776843875,7.741861542216262],[-80.98098344476114,7.742272765085867],[-80.98066386445714,7.742820917067166],[-80.98061711724229,7.743432611695949],[-80.98091555222818,7.743608328135798],[-80.98124770864854,7.743449542626654],[-80.98195424961068,7.743674820101504],[-80.98348813230487,7.743480920619079],[-80.9838755308801,7.743082510123016],[-80.98408765783076,7.742352478700182],[-80.98471703905862,7.742188800521345],[-80.98516747456078,7.742548680103121],[-80.98543024994515,7.742572200654605],[-80.98584094059721,7.742215289751066],[-80.9859314792016,7.741901362047408],[-80.9869957424129,7.741391487174019],[-80.98732072632913,7.740793591152689],[-80.98708298009379,7.740175291977526],[-80.98741617417559,7.739138512142886],[-80.98734121520945,7.738738124318195]]]]}},{"type":"Feature","properties":{"OBJECTID":15,"PROV_ID":"09","DIST_ID":"10","CORR_ID":"02","CODIGO":"091002","CORR_NOMB":"LA COLORADA","SHAPE_Leng":59023.4042992,"CORR_FEAC":"2017-12-03T00:00:00","ID1":15,"CORR_LEY":"LEY No 58 DEL 29 DE JULIO DE 1998","Shape_Length":50675.63845859765,"Shape_Area":46651273.8690147},"geometry":{"type":"MultiPolygon","coordinates":[[[[-80.9708419051777,7.994326119288455],[-80.9713856115984,7.99326578569134],[-80.97191027589658,7.992730447778429],[-80.97406033224249,7.991956929076547],[-80.97484612413652,7.992159531168055],[-80.97557226888456,7.992556802191871],[-80.97590681138666,7.992420127183568],[-80.97609136778077,7.992039422176013],[-80.9760638856838,7.991223924728806],[-80.97527527541676,7.98993851908997],[-80.97508845290413,7.98920439663767],[-80.97506288709,7.988218350558713],[-80.97450912065548,7.986340697601914],[-80.97475370131396,7.985692214742031],[-80.97555273106627,7.984745349112595],[-80.97610195146203,7.984355939082527],[-80.97636940290332,7.983904909339079],[-80.97594224487015,7.981828829023907],[-80.97585600300725,7.980530863716301],[-80.97598753490028,7.978510288143891],[-80.97630703188422,7.977918933881595],[-80.9768240866582,7.977583433356426],[-80.97884738453,7.977767044460961],[-80.979793195117,7.977655488435986],[-80.98047965101944,7.977712838573503],[-80.98127489704885,7.97816676447165],[-80.9819067541603,7.978178480333303],[-80.98227316428556,7.978021729333556],[-80.98326868669993,7.976563469408876],[-80.9833077829786,7.975551177378751],[-80.98364660486288,7.975090022688022],[-80.98401613405149,7.974929727091423],[-80.98444023419182,7.974823315836733],[-80.98590216766642,7.974994359190682],[-80.98638081524452,7.975245409523409],[-80.98691629689597,7.976187938415451],[-80.9872709280968,7.976236238305734],[-80.98741549618586,7.975966898382543],[-80.98716084830262,7.974550439266157],[-80.98721113115914,7.973944828478789],[-80.98744542184825,7.973444644826538],[-80.98812587057029,7.972802044385345],[-80.98851183070413,7.972701836728392],[-80.99128934865541,7.973194370351714],[-80.9922783726349,7.973171495636008],[-80.993202109917,7.972928292838665],[-80.99444009485178,7.972108914177445],[-80.99499478886818,7.971528492583641],[-80.99551787034508,7.971239951330167],[-80.99554363543679,7.971079930106876],[-80.99451481804883,7.970341292963898],[-80.99345128051267,7.970299996271425],[-80.99233005972738,7.970468642490733],[-80.9922058018701,7.9702761496041],[-80.99279249329184,7.96908709508003],[-80.99378758571291,7.968231698985566],[-80.99475032812082,7.967712984245549],[-80.9953343394191,7.966972455879695],[-80.99688695696588,7.965970301032388],[-80.99733963418034,7.965985607476751],[-80.99778107503074,7.966244085394427],[-80.99831788758978,7.966991930306209],[-80.99887564273654,7.968662506608427],[-80.99909382709664,7.96877938401873],[-80.99951640265948,7.968628300227426],[-80.9996758238543,7.968322393751604],[-80.99970424088833,7.967370326925011],[-80.99934271834718,7.966525818666462],[-80.9992733724678,7.965916490944465],[-81.00000553405708,7.965333463044694],[-81.00254614408703,7.964247513814991],[-81.00295900126196,7.963843187676008],[-81.00327641169065,7.962640036725858],[-81.0027130042789,7.961704683568386],[-81.00257492827151,7.961151942175237],[-81.00466736886824,7.959411601212579],[-81.0052503072339,7.958536172842301],[-81.00545862542911,7.95758255697502],[-81.00470119205944,7.957067353038924],[-81.00470931143265,7.956861993116533],[-81.00490606520806,7.956693585789508],[-81.00645903046465,7.956242190442122],[-81.0074644992007,7.956152408934596],[-81.0086445161708,7.956745258224037],[-81.00883753136709,7.956598645324632],[-81.00892024007402,7.955966394183483],[-81.00907955470953,7.955893086309924],[-81.00950542294575,7.956036630929932],[-81.00969844626198,7.956262648200577],[-81.0097382979867,7.957221712265897],[-81.01094957537508,7.957311788653037],[-81.01165621375243,7.956687151818804],[-81.01232106011761,7.956852067785321],[-81.01307372189703,7.956283846208059],[-81.01363640541513,7.956189285590789],[-81.01381658159985,7.955886742304878],[-81.01368280354151,7.955554481124258],[-81.01393352748819,7.955382510108014],[-81.01421803302749,7.95542977172553],[-81.01432868817075,7.95585521107719],[-81.01428760686153,7.956271201206548],[-81.01381976697718,7.956608419713863],[-81.01397150777315,7.956762834320688],[-81.01451837612673,7.956397249590895],[-81.01522331160919,7.956286924437686],[-81.01529916249557,7.955820510200508],[-81.01494193622507,7.955401383913896],[-81.01506205330355,7.95521229362475],[-81.0161747946922,7.955593574242807],[-81.01694925701622,7.955092466542093],[-81.01732860279607,7.955278385357002],[-81.01738869331558,7.955955939683169],[-81.01715477425813,7.95609776409526],[-81.01648144478533,7.956056822159081],[-81.01643088389831,7.956498024688812],[-81.01774910666903,7.956907655264565],[-81.01794729661397,7.957316346507953],[-81.0185202654007,7.957346209723012],[-81.0187601339713,7.957817772668056],[-81.01934644247005,7.958136556035537],[-81.01988609243017,7.957993729901191],[-81.01971947167895,7.956731780129152],[-81.01983272138817,7.95651259237311],[-81.02016250751842,7.956439516304813],[-81.02040903675314,7.95686126402428],[-81.02029914853739,7.957698146751286],[-81.02058232916882,7.9582593716443],[-81.02188160633533,7.958793608103596],[-81.02208808055694,7.959043036938441],[-81.02215473130141,7.959531211103319],[-81.02243766875428,7.959722483498741],[-81.02269105886407,7.959527861499191],[-81.02271765511779,7.958551502793141],[-81.02295748854264,7.958309061045536],[-81.0233781046225,7.958461277252327],[-81.02360713652102,7.959361763571959],[-81.0241057221179,7.959479675591922],[-81.02607474761761,7.958575506915372],[-81.02668577760842,7.9573824087689],[-81.02706770439887,7.957172964585099],[-81.02755785687627,7.957109471321569],[-81.02827082179931,7.95724903726092],[-81.03007855409712,7.956919561870047],[-81.03059335081133,7.956690315801517],[-81.03120431635874,7.955922702908485],[-81.0320438303614,7.956026000911995],[-81.03271387426969,7.955911106987163],[-81.0316611144349,7.9575044864325],[-81.03156375663957,7.957888816647425],[-81.03177029964567,7.958490241809612],[-81.0328401555887,7.960355749537272],[-81.03152864787762,7.961657309732074],[-81.03058372433873,7.963427815434184],[-81.02914481857846,7.964792705362738],[-81.02828910280985,7.96528634508501],[-81.02786029925309,7.965716237597377],[-81.026784182783,7.968639609747886],[-81.02610947401645,7.970066138631513],[-81.02574591447986,7.970372986977118],[-81.02532404723421,7.970405124725878],[-81.0248917350889,7.970272850461787],[-81.0244626891616,7.969824324460725],[-81.02412552459027,7.969825565372382],[-81.0239674820958,7.971395276054871],[-81.02333649491081,7.971760562059596],[-81.02320420005722,7.972004068878324],[-81.02318386180553,7.972308445155068],[-81.02340779733566,7.972815724151556],[-81.02396940448992,7.973415856241201],[-81.02465056567138,7.973820508513226],[-81.02517224229463,7.974563570270569],[-81.02521476720189,7.974993313395936],[-81.02493394893472,7.975423200925311],[-81.0250932583814,7.976900183501317],[-81.02523480347139,7.977171323800836],[-81.02592478126942,7.977563675901608],[-81.02591816533065,7.977850256935383],[-81.02556657555239,7.978200788921923],[-81.0255466846119,7.978627293854903],[-81.02598264559927,7.979022478205733],[-81.02615711814951,7.979781353703538],[-81.0264711714055,7.980305996231096],[-81.02636946947527,7.980658717212356],[-81.02618813732947,7.980716045019577],[-81.02572370087962,7.980059142930318],[-81.02486446921688,7.979468277800123],[-81.02439872415859,7.980065620156723],[-81.02523063414421,7.980932700456624],[-81.02506174570122,7.98121052975992],[-81.02455081588352,7.98135788815073],[-81.02439456949548,7.981218988319114],[-81.02433964093231,7.980642307149198],[-81.02398911814112,7.979872012078345],[-81.0235752896397,7.979665777131957],[-81.02346974247077,7.979985695716011],[-81.02379070152787,7.980684433486063],[-81.02281530022864,7.981160147445604],[-81.02291665371992,7.981336935538719],[-81.02343180789026,7.981202206527991],[-81.0236598384466,7.981349521331381],[-81.02320384232266,7.982204050566447],[-81.02327142932512,7.982646030975002],[-81.02382881446461,7.982566021123175],[-81.02399772664597,7.982671245610168],[-81.02368951285938,7.983357390858555],[-81.02390912439222,7.983934062558642],[-81.02367036428386,7.985131851360067],[-81.02386334432464,7.986072225697246],[-81.02391805404633,7.987533774123724],[-81.02424084085246,7.98823019459785],[-81.02413222423365,7.989619820296194],[-81.02452030033766,7.989841239053002],[-81.02478132683353,7.9891072425048],[-81.02533015756646,7.988887986535866],[-81.02563464250362,7.989048555375168],[-81.02563774179467,7.989288325787209],[-81.02521531531814,7.990016885504071],[-81.02522721670489,7.99185753716959],[-81.02592571549155,7.991272690563303],[-81.02596265785515,7.990196465937171],[-81.02615520342057,7.99006439770915],[-81.02681050054818,7.990574172398429],[-81.02771473526037,7.99080673827488],[-81.02772526886642,7.991885236596495],[-81.02793751543906,7.992520973865135],[-81.02896438740568,7.99280809507594],[-81.02918458096093,7.992588289760885],[-81.02939121212212,7.992588289593873],[-81.0296311341219,7.992826046666897],[-81.02950809769628,7.993135155684548],[-81.02855550522118,7.993476460760106],[-81.02824237083144,7.99421440333176],[-81.02855478128635,7.994523380753166],[-81.02928207370621,7.994257754165141],[-81.02946501939546,7.994453896745077],[-81.02944782533226,7.994694630047305],[-81.0282317861634,7.994974903696101],[-81.02653995765431,7.996879964449555],[-81.02610303185935,7.997630845662326],[-81.02622735508162,7.997971498783947],[-81.02671435407055,7.998273175698259],[-81.02707039235469,7.998273018645792],[-81.0275162149519,7.998015828615765],[-81.02788937394845,7.998138920816436],[-81.02789454502846,7.998279322840093],[-81.02754337794812,7.998347814914367],[-81.0272703720727,7.998627798343255],[-81.02720334747511,7.999082114787382],[-81.0272922762389,7.999396039375187],[-81.02762030221494,7.999740298562991],[-81.02813136888456,7.999750066735358],[-81.01697868172774,8.007641341530746],[-81.00626992356179,8.004205687789808],[-81.00641027702197,8.004599809384707],[-81.00688357068529,8.004595839811433],[-81.0067867045194,8.004895665280191],[-81.00630833444258,8.005270285350969],[-81.00625174017205,8.005530689553487],[-81.00701645472756,8.007008738430796],[-81.00696830023621,8.007278278572254],[-81.00715551270106,8.007431968321873],[-81.0070310317615,8.007723029146677],[-81.00709400654023,8.00805804812497],[-81.00753139517663,8.00851532912691],[-81.00719967522056,8.008819670777042],[-81.00727798672986,8.00962676945431],[-81.00745949220523,8.00976965514354],[-81.0082317573408,8.009753353038933],[-81.00827678301133,8.010370939749828],[-81.00863336983329,8.010622825663512],[-81.0081996483701,8.011432270958197],[-81.0091048581871,8.011679955279556],[-81.00943829747389,8.01155874104672],[-81.00963182472273,8.011923467573823],[-81.01014522283941,8.012367328476062],[-81.01051304821567,8.012379956798814],[-81.01053918859829,8.012931010939935],[-81.01126700741504,8.013100713316856],[-81.01128569933908,8.013815245067102],[-81.01150745574121,8.013832171298613],[-81.01179978264814,8.014210695691624],[-81.01214501030395,8.014329876134259],[-81.01211143492758,8.014713537688673],[-81.0123229861942,8.014967387470447],[-81.01235363275956,8.01532945990947],[-81.01285193731354,8.015533349398313],[-81.01345843962719,8.015155415225234],[-81.01364731252617,8.015637790856006],[-81.01407133718286,8.015477091502657],[-81.01502935721116,8.015488581714388],[-81.01554548200892,8.015341907120153],[-81.01617507914335,8.015456544250746],[-81.01668179376966,8.015331125639037],[-81.01715909647453,8.015635579156976],[-81.01751478485521,8.015461014993294],[-81.01817341962804,8.01570296119241],[-81.0183941601801,8.015480480700495],[-81.0187771992113,8.015400966642241],[-81.01943323867772,8.015650412417836],[-81.01957962705278,8.016080367458562],[-81.01983809106088,8.015782132474897],[-81.01998300401175,8.015907789827173],[-81.02023011080094,8.01583657484925],[-81.02037635612804,8.016163909692832],[-81.02104090480695,8.016312566997293],[-81.0217224043005,8.016125593670614],[-81.02195046321194,8.016416796620849],[-81.02244149695186,8.016475775181094],[-81.02246556651613,8.016697443119318],[-81.02278951193458,8.016676333835205],[-81.02275216167457,8.016774141770155],[-81.02211903838031,8.01734150292639],[-81.02190493573968,8.01724979524008],[-81.0219794970384,8.01685237430339],[-81.02188062108706,8.016767057450897],[-81.02101418689666,8.017148143451562],[-81.02069034301888,8.017625578321782],[-81.02068932033771,8.017949966115797],[-81.02027475818637,8.018753626451076],[-81.01981885269369,8.018450081935676],[-81.01965418620772,8.018866484318433],[-81.01862260929327,8.019662160294748],[-81.01879220231034,8.020238795225941],[-81.01829123851495,8.020872400282554],[-81.01830452258005,8.021626953673417],[-81.01794205747709,8.021574401440747],[-81.01793066750218,8.021843674217788],[-81.01768208599194,8.021965153956915],[-81.01749921734677,8.021965807618322],[-81.01735250384002,8.02174250105025],[-81.01669059519126,8.021847413296143],[-81.01616656882997,8.022145364568999],[-81.01638606148897,8.022826735006898],[-81.01608258355002,8.022997437283454],[-81.01541077019972,8.022676178823128],[-81.01495881289456,8.022682762550813],[-81.0143491463486,8.022050938519904],[-81.01406050103468,8.022217743785193],[-81.01382426628106,8.022924959544143],[-81.01359337954237,8.023195861364233],[-81.01289110698241,8.02296922794592],[-81.01255097216071,8.02306363412864],[-81.0121632967814,8.022969516927066],[-81.01047893736968,8.022282770346482],[-81.0098815283408,8.022729645845345],[-81.0089348477851,8.023085839381494],[-81.00870346428505,8.023496474032877],[-81.00789631785351,8.02322298923846],[-81.00677182394249,8.023226499938904],[-81.00525031658631,8.023953711496986],[-81.0049146711175,8.023805747732839],[-81.00435044145311,8.02428497793074],[-81.00394462598011,8.024204947049688],[-81.00308701077057,8.0244254811024],[-81.0023961986022,8.02488758903951],[-81.00122140473484,8.024382526340226],[-80.9997957376217,8.024540079757255],[-80.99928420209494,8.025179632558444],[-80.99891527145081,8.025380678895361],[-80.99878044157182,8.026362936719392],[-80.9984101732085,8.026473204237448],[-80.99793495135673,8.026972964726056],[-80.99767528764784,8.0276846837813],[-80.99743066857276,8.027831481522336],[-80.99695684524207,8.027586056457181],[-80.99682393464691,8.026947268313352],[-80.99552792448911,8.02642658309589],[-80.99547227318244,8.026043915331963],[-80.99531433080809,8.025897345018361],[-80.99483222930624,8.025994939750289],[-80.99444304800186,8.026624563236854],[-80.9940581942496,8.026571392686593],[-80.99386751910046,8.026380031440024],[-80.99280455258176,8.026692148765052],[-81.0020859160934,8.031286028878984],[-80.98537303473249,8.061555512115083],[-80.98509275599298,8.06126785516941],[-80.9844897307445,8.061252518720604],[-80.98382137666157,8.061719531526506],[-80.9836946482158,8.061099365188689],[-80.98343490632374,8.060668471096545],[-80.98289514922381,8.060445838509796],[-80.98221112552964,8.060594210319291],[-80.9818063038864,8.06047361567835],[-80.98141084380124,8.059267820096023],[-80.98068028642852,8.059490387713184],[-80.97985671465658,8.05889209497876],[-80.97941464311542,8.059235260342513],[-80.9792564604737,8.058892065053666],[-80.97889817917826,8.058650893004392],[-80.97905640316714,8.058358730566649],[-80.97896334954314,8.058177860472732],[-80.97861435295951,8.058293778953477],[-80.97843017103718,8.058774720019894],[-80.97808630282718,8.05869928922392],[-80.97779729871044,8.059107064152972],[-80.97729803548299,8.0591807578648],[-80.97713277758082,8.05944781787775],[-80.9766439616327,8.058860979826257],[-80.97633642906115,8.059011515954367],[-80.97605050179237,8.058920094299578],[-80.97590754829776,8.05862703797019],[-80.97556166318331,8.058444994351136],[-80.96648525867711,8.049014398054245],[-80.97288088604938,8.03808812756008],[-80.97320279319881,8.037976113368464],[-80.97321018553374,8.037733462809738],[-80.97280933100073,8.037035118344726],[-80.97276248036516,8.036141678502144],[-80.972911390568,8.035548147311212],[-80.97343486325916,8.035232266058662],[-80.97350212139557,8.0349307193049],[-80.9732767516239,8.034576861370303],[-80.97273379414065,8.034227034776844],[-80.97270980184967,8.033915902854813],[-80.97290191687422,8.033619140490249],[-80.97377113677808,8.0335521874877],[-80.97390006492472,8.033322800831735],[-80.97373278105998,8.032623588131164],[-80.97341103420383,8.032403380952928],[-80.97222004713585,8.032728787873749],[-80.97189752517906,8.0325732279286],[-80.97159100200605,8.031910241238537],[-80.97182636422644,8.031158754025833],[-80.97173518406298,8.030268440540206],[-80.97090922925555,8.02973707510481],[-80.96996798034685,8.02978008235037],[-80.96940701320291,8.029008420287749],[-80.96892597855098,8.028636006496106],[-80.96857062127636,8.028559390923508],[-80.96688973224691,8.029760696780457],[-80.96652475754715,8.029760667252821],[-80.965290615743,8.029286696328501],[-80.96492568910364,8.028731413977036],[-80.96515622794358,8.028367667169793],[-80.96703396286996,8.027740766903573],[-80.96741336082175,8.027453601201037],[-80.9674134542613,8.026280873966844],[-80.96827789731748,8.02571612883516],[-80.96776416932005,8.024318398958705],[-80.96787465589713,8.023878034418713],[-80.96812439591565,8.023581287672267],[-80.96911848189902,8.02307876593276],[-80.97050288965099,8.0233257835939],[-80.97075122786697,8.023184193333986],[-80.97054096588565,8.022351165250916],[-80.96975727675712,8.021762496866028],[-80.96966124550131,8.021518377724908],[-80.97008873497228,8.020087204959452],[-80.97047295591743,8.019613363749324],[-80.97036736228874,8.018833150818864],[-80.97080441611894,8.017971575775043],[-80.97082853908287,8.017689465021343],[-80.97047791082926,8.017473749027213],[-80.97047795120565,8.01691371217796],[-80.97059810428883,8.016758562523785],[-80.97092936192328,8.016779725461253],[-80.97122230944028,8.016487755804151],[-80.97136654816873,8.0152736997966],[-80.97122251266211,8.014887037886906],[-80.96986765108451,8.01430016552971],[-80.96932089775413,8.013534283992529],[-80.96942176452421,8.01316093653295],[-80.96979154015901,8.012955141408797],[-80.9698059767297,8.012481264334061],[-80.96938289818819,8.01217750174757],[-80.96829279129403,8.011865990220079],[-80.96739065597471,8.011035529554132],[-80.96778450824242,8.009992075121907],[-80.96785178953557,8.009278875054777],[-80.96776059674056,8.008718830877854],[-80.96720167598151,8.008221338618245],[-80.96705783568066,8.007867757448595],[-80.96733900833733,8.00675038669439],[-80.96741832218213,8.005702104181283],[-80.96730212413289,8.00499129564779],[-80.9669320975609,8.004556627465554],[-80.9653461911081,8.003878994672913],[-80.96516109720407,8.003559390736843],[-80.9651926419739,8.003112534132446],[-80.96551682459308,8.001860580135105],[-80.96464153387537,8.001292576621793],[-80.96451099856478,8.000667519591667],[-80.96546749969437,8.00031223349694],[-80.96657534642691,7.999171599039156],[-80.96893745906368,7.997437880171881],[-80.96922129846818,7.996945107772312],[-80.96890093187909,7.996215018904718],[-80.96909323275743,7.995576227222108],[-80.96993554818715,7.994672834707165],[-80.9708419051777,7.994326119288455]]]]}},{"type":"Feature","properties":{"OBJECTID":16,"PROV_ID":"09","DIST_ID":"10","CORR_ID":"05","CODIGO":"091005","CORR_NOMB":"PONUGA","SHAPE_Leng":110188.138281,"CORR_FEAC":"2018-12-20T00:00:00","ID1":40,"CORR_LEY":"No. 58 DEL 29 DE JULIO DE 1998","Shape_Length":87796.50927789736,"Shape_Area":146085705.60723886},"geometry":{"type":"MultiPolygon","coordinates":[[[[-80.97113504033044,7.993757255830083],[-80.94314416910123,7.953582678287241],[-80.92190601098758,7.954657516531606],[-80.92117448692716,7.954487053041931],[-80.91911506556431,7.954731182197812],[-80.91792984504742,7.955275683522014],[-80.91739556820355,7.95529978804052],[-80.91698539222497,7.955638781936703],[-80.91677464562358,7.956040626927444],[-80.91629920827164,7.955479655737046],[-80.91512170695272,7.952773133993117],[-80.9148322238775,7.952570551776653],[-80.91452696444988,7.952480856574819],[-80.9131514363867,7.952689674876944],[-80.9128666070511,7.953072470554761],[-80.91277165095654,7.953660296518232],[-80.91258370945222,7.953795532511269],[-80.9123458195904,7.953763152624365],[-80.91181581558503,7.953352809635468],[-80.91148211444931,7.952790179646807],[-80.91158113669704,7.952322642752651],[-80.9114470004538,7.951406051543333],[-80.91161539875704,7.95019920820693],[-80.91037760520271,7.949287915352017],[-80.90888714050534,7.94929734778899],[-80.90693874404984,7.949974620582492],[-80.90546984982562,7.949571503620035],[-80.9038178148819,7.949667107008035],[-80.90293470050243,7.949250912480967],[-80.90273493497179,7.951178826249048],[-80.9021734346718,7.951952527810431],[-80.90200929989572,7.953223837429653],[-80.90172216683851,7.953588600605878],[-80.90131522190546,7.953760236811915],[-80.89885249598952,7.953389410474909],[-80.89812235748832,7.952161487107618],[-80.89810288371132,7.951446279655225],[-80.8969817959065,7.951025470518311],[-80.8966126364268,7.950473837481389],[-80.89572334783368,7.950762259110057],[-80.89467515273559,7.950266052852737],[-80.89387215682154,7.949345686136247],[-80.89442446908397,7.948917869551845],[-80.89450973820998,7.948624066942506],[-80.8948293272864,7.948477631548503],[-80.89500146381583,7.948123867868786],[-80.89358820736864,7.946520823919695],[-80.89344557888319,7.946127157077746],[-80.89362919578586,7.945686065582345],[-80.89398482190077,7.945383922454892],[-80.89404713255999,7.944311402300436],[-80.89453845703936,7.9434448518443],[-80.89399215473843,7.942243218723693],[-80.89435870520424,7.941149758405231],[-80.89416291478706,7.940903884558484],[-80.89350300758466,7.940674635406388],[-80.89326546309827,7.939961914272089],[-80.89284022111148,7.939808934008505],[-80.8927874819497,7.939583973501853],[-80.89304141038997,7.939248627490845],[-80.89386849386472,7.938929673736024],[-80.89436576142194,7.939135869116452],[-80.8948698538886,7.938783262231617],[-80.89560423859727,7.937861028209019],[-80.89616910592748,7.937777552309165],[-80.8963355886273,7.937540118736793],[-80.8963063806352,7.936236681407435],[-80.89612849126884,7.936107619219621],[-80.89567324983736,7.93617582653692],[-80.89548122908525,7.936030116688914],[-80.89528566420475,7.9356491107528],[-80.8952457198849,7.934965558818436],[-80.89579520207056,7.934261359043849],[-80.89634543746804,7.933208530705477],[-80.89658119519325,7.932421963124265],[-80.896946522472,7.931968821817759],[-80.8969511557473,7.931452434912404],[-80.89676853618938,7.930972365720858],[-80.8971361291072,7.930107304865889],[-80.89674191896009,7.929113064762054],[-80.89624902310184,7.928734644777622],[-80.89524650910744,7.928286471733253],[-80.89506582103654,7.927376018510551],[-80.89553343889789,7.927114501002963],[-80.89569635190692,7.926729550536974],[-80.89549293557964,7.926532991770106],[-80.89572488538984,7.926133757537358],[-80.89563060799142,7.925473683084248],[-80.89542966390901,7.925333968180906],[-80.89557601518646,7.924738629838154],[-80.8960010632252,7.924132317306113],[-80.8962767488295,7.924082735750333],[-80.89779958834103,7.925526844109879],[-80.89811732461266,7.925624329150502],[-80.90022289793104,7.9248642659375],[-80.90135770864015,7.924845626270866],[-80.90238916722056,7.924492170864817],[-80.90331225734373,7.924587340112481],[-80.90474054472728,7.924989396510771],[-80.90560295185772,7.924683510362813],[-80.90741504874403,7.924503237765875],[-80.9082235519672,7.924043481597452],[-80.90923197599193,7.923918554134899],[-80.91038710514776,7.923992588819208],[-80.91126853673507,7.923752603739914],[-80.91221729705387,7.923839539023121],[-80.91379020868933,7.923377535149463],[-80.91448178873,7.922682724841885],[-80.91492425846548,7.92178989738973],[-80.91563071141428,7.921277835035421],[-80.91752761812857,7.92115486718358],[-80.91920098278241,7.921440544816642],[-80.91997407114155,7.922501591118882],[-80.92064552130313,7.923054179113094],[-80.92099184364986,7.92298288340912],[-80.92202491031497,7.923278280387204],[-80.92413555127712,7.92428432659166],[-80.92460507871877,7.92407052814819],[-80.92495407705628,7.924123244537965],[-80.92537436998612,7.924516126997674],[-80.92610389439847,7.924863016544387],[-80.92611228611531,7.92510570369169],[-80.92582991912293,7.925439710400145],[-80.92589022106165,7.925737332439389],[-80.92693196805267,7.925714583122471],[-80.92755443874826,7.925539313380648],[-80.92857377921979,7.924493877268779],[-80.92931874911307,7.923990085828658],[-80.92969663260371,7.923489508499845],[-80.9297295302224,7.922544260784336],[-80.92932210920131,7.921662765149146],[-80.92957882671833,7.920815967554968],[-80.9294723021936,7.919518908049473],[-80.92971399728441,7.9193626647013],[-80.93092401463477,7.919226823996631],[-80.93154168825062,7.918242727486506],[-80.93185944035768,7.918276475213784],[-80.93213050331902,7.918578193227677],[-80.93233199635246,7.918313176799422],[-80.93398874530746,7.918354993146805],[-80.93438505737649,7.918186383574366],[-80.93501674179353,7.918333399924438],[-80.93531081256747,7.917984642481084],[-80.93634293857991,7.917764039243364],[-80.93657247596693,7.917568787271883],[-80.93802566511694,7.917668430221608],[-80.93933282750028,7.91717449189501],[-80.94073294372102,7.917483541986158],[-80.94276987709146,7.916331738959864],[-80.94298317314934,7.915399056950196],[-80.94346957293352,7.914628185855728],[-80.94431545108223,7.914593243403132],[-80.94535428186826,7.914072609972389],[-80.94723278804837,7.913947304364831],[-80.9481597488777,7.914145017776],[-80.9486367853274,7.914556192388575],[-80.95011062825274,7.915386705471953],[-80.95032086019845,7.915708683816823],[-80.95032080101299,7.916202845150111],[-80.95056230029617,7.916823915803525],[-80.95108928849959,7.917093002716757],[-80.95169664797912,7.916836203226559],[-80.95246909698056,7.916840756841379],[-80.95300988795786,7.916595726099962],[-80.95321818009106,7.916260127454932],[-80.9532563639419,7.915560923180532],[-80.95451359787802,7.915531184539888],[-80.95483388362778,7.915850571100252],[-80.9552834321797,7.915951125045114],[-80.95566717647587,7.915438582364229],[-80.95585129921766,7.914872413180771],[-80.9582562221429,7.914537991064797],[-80.95625919743206,7.913302800422293],[-80.95506406776602,7.912358626929051],[-80.95479918943792,7.911907590665486],[-80.9547191396308,7.91067766217734],[-80.95394403643881,7.910265285733677],[-80.95375557638725,7.909993859204585],[-80.95354382584105,7.909923722425555],[-80.95315919810884,7.910135066761823],[-80.95257383611303,7.909824128176844],[-80.9524236790989,7.910077606525107],[-80.95211181910142,7.910220600651752],[-80.9516690643552,7.909670827420319],[-80.95094846725797,7.909641905153623],[-80.95029459176583,7.910153377657485],[-80.95013095550306,7.909807180708409],[-80.94947609487444,7.909718300530075],[-80.94921805620363,7.908856715673173],[-80.94858047348727,7.908742498594693],[-80.94795886400057,7.90889694832084],[-80.94765748487451,7.90939917065557],[-80.94795880179555,7.909660953308552],[-80.94792702972532,7.909973694278394],[-80.94748698328131,7.910587476486704],[-80.94710160242934,7.910621348800984],[-80.9467297152402,7.910173098002154],[-80.94605410174088,7.910116973840824],[-80.94625557172989,7.909221805770167],[-80.94598046028699,7.908708556076474],[-80.94572938359617,7.908707129600615],[-80.9453423034347,7.90899473068426],[-80.94481246615416,7.909017844851445],[-80.9447073790775,7.909247310320487],[-80.94448252210802,7.909309414642441],[-80.9442474186458,7.909114558512914],[-80.9444103487215,7.908828347929363],[-80.94399984454394,7.908669668724754],[-80.9438276775206,7.908392948254268],[-80.943113986117,7.90872444668756],[-80.94291571999743,7.908012300170339],[-80.94243825820733,7.908107422287095],[-80.94204540996104,7.907673058449319],[-80.94149041520511,7.907710574547086],[-80.94120255561522,7.90739675799837],[-80.94010552091365,7.907599197111236],[-80.93985465355588,7.907128334511796],[-80.93927344982316,7.90768819411738],[-80.93915927977001,7.907977213023937],[-80.93889359709186,7.908104148077697],[-80.93898384836714,7.908503137777805],[-80.93874521161715,7.908615079095235],[-80.93850576148034,7.908447726747258],[-80.93819375389204,7.907870495233115],[-80.93753464677633,7.907437652587485],[-80.93735678810069,7.907088137856457],[-80.93700704608725,7.90686587855425],[-80.93692685846804,7.906597644831639],[-80.93659757574432,7.906432503030708],[-80.93703611566038,7.905587190258725],[-80.93751153992093,7.905323047189247],[-80.93828857098295,7.904420533069523],[-80.93821826295101,7.903626649077671],[-80.93868679424162,7.903334706503115],[-80.94073105742427,7.901038066028287],[-80.9413960559132,7.900086231457162],[-80.94127198270019,7.899764062490995],[-80.9416744379696,7.899652124434178],[-80.94231511111872,7.899184580563658],[-80.94220602312117,7.898450419698475],[-80.94244987522481,7.898435699965657],[-80.94297145227317,7.898975987847191],[-80.94329808573013,7.898905213409675],[-80.94346423788973,7.898650131166863],[-80.94343782160595,7.898428011227745],[-80.94295961011989,7.897945541127687],[-80.94305341439112,7.897812157630781],[-80.9434255952607,7.897905695264735],[-80.94360545294144,7.897806759852133],[-80.94322951081124,7.897261138441945],[-80.94317167389566,7.896854210901487],[-80.94299480410612,7.896720799590839],[-80.94253266146343,7.896727565773872],[-80.94234937145112,7.896431186972525],[-80.9429590143212,7.895450485642382],[-80.94245628295609,7.895262783106916],[-80.94221067262829,7.895010419659763],[-80.94147314547337,7.894842240023014],[-80.94140308276062,7.894637689407793],[-80.9414941961014,7.894335704104436],[-80.94223675188596,7.893772823883045],[-80.94259556161757,7.893060971293297],[-80.9430522404744,7.892823024155315],[-80.94348360060528,7.892930499996614],[-80.94379246912963,7.892762781062752],[-80.9438022065883,7.892377337744077],[-80.94341574238794,7.89207416501252],[-80.94337620241032,7.891608444401827],[-80.94351040571871,7.891161895887371],[-80.94395785392955,7.890802102280417],[-80.94408247337397,7.890525475633602],[-80.94392669960833,7.890303193610962],[-80.94345631819002,7.890312275435251],[-80.94345541907128,7.889538292373723],[-80.94282863606364,7.888645046721854],[-80.94272270631863,7.887637806687174],[-80.94237513459605,7.887221893940094],[-80.94189230946156,7.88723382168369],[-80.94175365437324,7.887029885683486],[-80.94247146393272,7.886170298428143],[-80.94263726849144,7.885520403911539],[-80.94332889536919,7.88494264797349],[-80.94378955339239,7.884815298248407],[-80.94444794701639,7.884074328007523],[-80.94500946766365,7.882411313225518],[-80.94532346671572,7.882287018007069],[-80.94562209063709,7.88177977502338],[-80.94618500892555,7.88130894091136],[-80.94690308664666,7.879953979605608],[-80.94800451865656,7.879561127866867],[-80.94943344135115,7.879415407063048],[-80.95173899472111,7.878608803795478],[-80.95192515402664,7.87866119923109],[-80.9525792328176,7.879536046008247],[-80.95291677110814,7.879560556035103],[-80.95328874434664,7.878904784159344],[-80.95322648625219,7.87793496907697],[-80.95395602547404,7.87739401776882],[-80.95499133192233,7.877445205290626],[-80.95604620447862,7.877059419044524],[-80.95698919632652,7.877344452488323],[-80.95866827171264,7.877511508264592],[-80.95884302172155,7.877234211629114],[-80.95885873848249,7.876205684430871],[-80.96067141897525,7.875776739344142],[-80.96125181712884,7.874875642953962],[-80.96120026363637,7.874346521770303],[-80.9615985906466,7.874055120741938],[-80.96270078921458,7.873811965744655],[-80.963276920439,7.874102981192158],[-80.96388328334262,7.874987875095314],[-80.96434883991212,7.87513931486494],[-80.96464206725992,7.874820839357096],[-80.96504267215413,7.874950327330744],[-80.96544046483916,7.87439290306823],[-80.96548134164217,7.873772666342436],[-80.96606065253526,7.873406678591962],[-80.96671795348632,7.873280308943838],[-80.96739037120389,7.873512456668299],[-80.96809154605175,7.873187645734839],[-80.96950344697024,7.873093682767228],[-80.97065013197303,7.872766046707404],[-80.97111572404371,7.872129875160987],[-80.97193756116422,7.872212235120171],[-80.97281753993605,7.871945862799721],[-80.97485849286683,7.869687732915191],[-80.97484589407848,7.868862098638373],[-80.97503538890363,7.868544202887658],[-80.9763732170922,7.868603160014613],[-80.97734114602504,7.869561403109268],[-80.97766322515936,7.86916288074665],[-80.97755051289062,7.868763101275503],[-80.97785214106607,7.868570735259393],[-80.97779883351016,7.868317643499021],[-80.978865977934,7.867944467646188],[-80.97924645798668,7.867456096913481],[-80.97999520376725,7.867813454795056],[-80.98066350434404,7.869279446707629],[-80.98115856621484,7.869790598664214],[-80.98102990251795,7.869989730163145],[-80.98034621331621,7.870042655318889],[-80.98001994530976,7.870471802536579],[-80.98007100878405,7.87094363119856],[-80.97988637823993,7.871561602138573],[-80.98018843312525,7.872203467604866],[-80.97967654554705,7.87274820043843],[-80.97976057603005,7.873039793314128],[-80.98007420978057,7.873211660418871],[-80.98018228055616,7.873867847539977],[-80.98002414755057,7.874425360668377],[-80.9802161131189,7.874678977859547],[-80.98071767683035,7.874823333843379],[-80.98197170004276,7.874934310486411],[-80.98239703780443,7.874751314196431],[-80.98266669422084,7.874419977567592],[-80.98282950821195,7.87287364744481],[-80.98340428702363,7.873072624220047],[-80.98390103563082,7.872933308638419],[-80.98493877791742,7.873036129720074],[-80.9858480791169,7.873380049196006],[-80.98671811266202,7.87285526589297],[-80.98761358670241,7.871802457643271],[-80.98887530086934,7.872391708612776],[-80.9895140103084,7.87326653948613],[-80.98998156146176,7.873325287670067],[-80.99047650225943,7.873175090530779],[-80.99068256533815,7.872871889057485],[-80.99082639991686,7.872160226206128],[-80.99155504224905,7.871842585933002],[-80.99134288759656,7.87123654837434],[-80.99177346248958,7.871065039610536],[-80.99221367449621,7.871247127091413],[-80.9927919877522,7.871254323257276],[-80.99291785183556,7.871021099727203],[-80.99331739657423,7.870945653229775],[-80.99365717201891,7.870612243648814],[-80.99353268017201,7.870080340870696],[-80.99281482402704,7.870347209070149],[-80.99177367290525,7.869825155116011],[-80.99256500879237,7.868444900138905],[-80.99318811912951,7.868397123655377],[-80.99430953061155,7.86896851541927],[-80.99437845499281,7.869563585467423],[-80.99393922194349,7.870241492678014],[-80.99404554738766,7.870398755752813],[-80.99441692102316,7.870470877890231],[-80.99456713932143,7.870319389409144],[-80.99453969646223,7.869854088283024],[-80.99495017153617,7.869667245483265],[-80.99490666454909,7.86940341253741],[-80.99513969388875,7.869286680790243],[-80.99516459455452,7.868895180710348],[-80.99555763343365,7.868477746389748],[-80.99926696801418,7.867996929894804],[-80.99976127600264,7.867730747070518],[-80.99994030998755,7.867321891825934],[-81.00024541864059,7.867423359097144],[-81.00074162517093,7.867303247265001],[-81.00071711932377,7.866297482011468],[-81.00136396198965,7.865651110812973],[-81.00174767406568,7.865622219514526],[-81.00209597831274,7.8659991232546],[-81.0035903612731,7.865275301329701],[-81.00433220438285,7.865906331623778],[-81.00476509873174,7.865956933515719],[-81.00497788793864,7.865571467659039],[-81.00424715512628,7.864839849362237],[-81.00465248136096,7.863463582196589],[-81.00484502073506,7.863293227603291],[-81.00768359154833,7.862760009677081],[-81.00981775530559,7.863915743110759],[-81.00999698064848,7.86371927902371],[-81.00974740429298,7.863265313609558],[-81.00977153327489,7.862983332337196],[-81.01011740503974,7.862910498819688],[-81.01051477053066,7.863327908833742],[-81.01086291125155,7.863221125555617],[-81.01066147068704,7.86275106004429],[-81.0100318105248,7.862506296731443],[-81.01004545036798,7.862279610615462],[-81.01043818038144,7.861999708947642],[-81.01081680330104,7.862647468421483],[-81.01131716772754,7.862497492534981],[-81.01195403883618,7.862844520705783],[-81.01211313728436,7.863354261779976],[-81.01279052534471,7.864112587892623],[-81.0130562388576,7.865484169550246],[-81.01383579831295,7.86560588767034],[-81.01426135103543,7.865046934200331],[-81.01442305278617,7.864104919496225],[-81.01487705370458,7.863891433529949],[-81.01541731891646,7.863023795033079],[-81.01664463947507,7.86261256356021],[-81.01710251757284,7.861603405675418],[-81.01703172911368,7.861038487356323],[-81.017265547334,7.860781427695785],[-81.01762018501215,7.860895214936674],[-81.01752961482994,7.861583723810761],[-81.01780325343313,7.862102294612892],[-81.01812836216281,7.861988429903804],[-81.01844301787739,7.861550243069042],[-81.0187827378137,7.861567273571271],[-81.01911611073497,7.862124857283944],[-81.0192124276514,7.862772066513992],[-81.01937761609686,7.862883271119469],[-81.01963297616057,7.862631534322728],[-81.01951852945417,7.861812292934851],[-81.02000023701692,7.861567287926349],[-81.0201723226452,7.86108633075337],[-81.02038394007799,7.8614574439754],[-81.02028629865687,7.862371284506336],[-81.02067344819449,7.86225270387378],[-81.020826825315,7.861845185086734],[-81.02143417729943,7.861781262654832],[-81.02182980075735,7.859601708871105],[-81.02292608911587,7.860009447575762],[-81.0236262707555,7.86061035685824],[-81.02402460667938,7.860607152022136],[-81.02440095734262,7.860033477405239],[-81.02432602712734,7.859434992263798],[-81.02406563716626,7.859103066682176],[-81.023440540341,7.858842447208738],[-81.02329646761471,7.857245855351716],[-81.02403771606932,7.85678014172158],[-81.02456783546677,7.855968125064602],[-81.02488315037675,7.856095577333921],[-81.02525188144945,7.856919874135335],[-81.02553771003166,7.857122505782781],[-81.0258143744512,7.857095751853005],[-81.02603293133689,7.856892757483448],[-81.02607623820762,7.856286711237817],[-81.02580024662433,7.855800674779913],[-81.02477779103681,7.854741192535623],[-81.02329811872451,7.852592781241433],[-81.02211211353689,7.851403065248912],[-81.02140057962002,7.85101386730538],[-81.02133557877443,7.850566193017995],[-81.02161787565078,7.849953830951707],[-81.02286633498129,7.849181824524335],[-81.02352687068803,7.849118063532067],[-81.0251815505214,7.849374696877462],[-81.02609390152605,7.848924768300139],[-81.02658434979467,7.848441695229321],[-81.02692348402564,7.847834496449852],[-81.02713208157823,7.847068701739823],[-81.02715787827826,7.846275424575368],[-81.02699947191715,7.845497695992416],[-81.02664435866463,7.844715632490291],[-81.02527319110432,7.842763592458474],[-81.02440385286612,7.842292963873987],[-81.02208756688299,7.841951418706492],[-81.02154075595669,7.841509944697192],[-81.02120633251569,7.840813664044493],[-81.02097187845546,7.839641227405928],[-81.0205840614281,7.832169536265844],[-81.02071671167434,7.830143651349089],[-81.0209669517029,7.829534549873149],[-81.02137796463444,7.829020067328338],[-81.02454823591002,7.826564381287452],[-81.02693288238008,7.824118280635124],[-81.02857701524286,7.822816577914886],[-81.031072154353,7.821511278271088],[-81.0338014724483,7.820705524477902],[-81.03636504849486,7.820443763410975],[-81.0669593950789,7.820250650826674],[-81.06700516968947,7.881261256069478],[-81.0085967990392,7.916733562188267],[-81.01363907805624,7.923385680321008],[-81.01337771981488,7.92422369639122],[-81.01374327466888,7.925058606616528],[-81.01359472728817,7.925313927686454],[-81.01390266189057,7.925581879453123],[-81.01400627844163,7.926473078776261],[-81.01432308667107,7.926981342181395],[-81.01422804986387,7.927130768560252],[-81.01376190850128,7.927135979095496],[-81.01342385625702,7.927396842194314],[-81.01326596094569,7.927935047818293],[-81.01363224235413,7.928147596391454],[-81.01296330307026,7.928548509024465],[-81.01251476702937,7.929126037198481],[-81.01254602007737,7.929680844475632],[-81.01200669395672,7.930105995599778],[-81.01209569173768,7.930896818594985],[-81.01169107400864,7.931725076364907],[-81.01170674782415,7.932343572217674],[-81.01124019858773,7.932748386682514],[-81.01042588247937,7.933065529729799],[-81.01027652439369,7.933352976743127],[-81.01053122076861,7.933664393515476],[-81.01047051545162,7.933967913243468],[-81.00956071422577,7.934626294337342],[-81.00961822263523,7.935050017939049],[-81.0102087629136,7.936196540435862],[-81.00995068628424,7.93655887831303],[-81.00935781672416,7.936677209176056],[-81.0089457898722,7.937095316769716],[-81.00896435397598,7.937414156828692],[-81.00936859848356,7.938209025645063],[-81.00927576117736,7.938439483796415],[-81.00877256029784,7.938646820324012],[-81.0092610705422,7.939558583446041],[-81.00891814641041,7.939850538848756],[-81.00898029455351,7.940383227198183],[-81.00863179093433,7.940741956944779],[-81.00867421217572,7.94119992833449],[-81.00854477404394,7.941457442380695],[-81.00881921031794,7.942160653557236],[-81.00883725571687,7.94269865255645],[-81.00865481722843,7.942841380250569],[-81.00812844121441,7.942721293624704],[-81.008199779126,7.943075009635489],[-81.00782641904773,7.943187761827531],[-81.0079160991026,7.943345331397538],[-81.00780266516514,7.943658941037855],[-81.007568193197,7.943780048480864],[-81.00751315513193,7.944290106125213],[-81.00703033207105,7.944446179739191],[-81.0070076410762,7.944731626909093],[-81.00656902353691,7.944854879166556],[-81.0062695555974,7.945427091671825],[-81.0057780564368,7.945760156060512],[-81.00575794714756,7.946008070294127],[-81.00605184116337,7.946211665787433],[-81.00614794424689,7.946617316008243],[-81.00573458660085,7.94695543021485],[-81.00592178491054,7.947309549268454],[-81.00528795227187,7.947890185253317],[-81.00571111194616,7.948582318228937],[-81.00529900597473,7.948925138368241],[-81.00565994223165,7.94926747881867],[-81.00529803590516,7.949551751673289],[-81.00460711349047,7.949373181240331],[-81.00460711678339,7.94966838270997],[-81.00504738307659,7.949757338121445],[-81.00508726198457,7.949874921980964],[-81.00484807836511,7.950068123867504],[-81.00439414985735,7.950050723418675],[-81.00447097534054,7.950665129759066],[-81.00414651137099,7.950528482518006],[-81.00397469566676,7.950597728982872],[-81.00408436880898,7.950911151683535],[-81.00455704175376,7.95131099466744],[-81.00416138199925,7.951724233257274],[-81.00454893924308,7.952385162218972],[-81.00416926020308,7.952598939366846],[-81.00413975392743,7.952832324533823],[-81.00511349636973,7.953655353318196],[-81.00495287668997,7.953843332246669],[-81.00511350035853,7.953977351335637],[-81.00516762946684,7.954449033930969],[-81.00478664689248,7.95451379666478],[-81.0054392839677,7.95487510774288],[-81.00545530623717,7.955036214627178],[-81.00519906572244,7.955265342293307],[-81.0052642709736,7.955440928717304],[-81.0058994829405,7.955645656782783],[-81.00581373137159,7.956436690654458],[-81.00490606520806,7.956693585789508],[-81.00466924921733,7.956953061682645],[-81.0047679553269,7.957165892937906],[-81.00545862542911,7.95758255697502],[-81.00542065367901,7.958074686363076],[-81.00509547234832,7.958831342642732],[-81.00391955271246,7.960115289290708],[-81.00257492827151,7.961151942175237],[-81.0027130042789,7.961704683568386],[-81.00327641169065,7.962640036725858],[-81.00295900126196,7.963843187676008],[-81.00254614408703,7.964247513814991],[-81.00000553405708,7.965333463044694],[-80.999382749209,7.965753163423622],[-80.99923176008085,7.966068767594745],[-80.99970424088833,7.967370326925011],[-80.99971172810515,7.968010028606915],[-80.9996758238543,7.968322393751604],[-80.99933325356457,7.968747926702127],[-80.99887564273654,7.968662506608427],[-80.99831788758978,7.966991930306209],[-80.99778107503074,7.966244085394427],[-80.99733963418034,7.965985607476751],[-80.99688695696588,7.965970301032388],[-80.9953343394191,7.966972455879695],[-80.99475032812082,7.967712984245549],[-80.99378758571291,7.968231698985566],[-80.99279249329184,7.96908709508003],[-80.9922058018701,7.9702761496041],[-80.99233005972738,7.970468642490733],[-80.99345128051267,7.970299996271425],[-80.99451481804883,7.970341292963898],[-80.99549152752229,7.970958730708849],[-80.99551787034508,7.971239951330167],[-80.99499478886818,7.971528492583641],[-80.99386486457496,7.972541491263931],[-80.993202109917,7.972928292838665],[-80.9922783726349,7.973171495636008],[-80.99128934865541,7.973194370351714],[-80.98851183070413,7.972701836728392],[-80.98812587057029,7.972802044385345],[-80.98744542184825,7.973444644826538],[-80.98721113115914,7.973944828478789],[-80.98716084830262,7.974550439266157],[-80.98741549618586,7.975966898382543],[-80.9872709280968,7.976236238305734],[-80.98691629689597,7.976187938415451],[-80.98638081524452,7.975245409523409],[-80.98590216766642,7.974994359190682],[-80.98444023419182,7.974823315836733],[-80.98364660486288,7.975090022688022],[-80.9833077829786,7.975551177378751],[-80.98326868669993,7.976563469408876],[-80.98227316428556,7.978021729333556],[-80.9819067541603,7.978178480333303],[-80.98127489704885,7.97816676447165],[-80.98047965101944,7.977712838573503],[-80.979793195117,7.977655488435986],[-80.97884738453,7.977767044460961],[-80.9768240866582,7.977583433356426],[-80.97630703188422,7.977918933881595],[-80.97598753490028,7.978510288143891],[-80.97585600300725,7.980530863716301],[-80.97594224487015,7.981828829023907],[-80.97636940290332,7.983904909339079],[-80.97610195146203,7.984355939082527],[-80.97555273106627,7.984745349112595],[-80.97475370131396,7.985692214742031],[-80.97450912065548,7.986340697601914],[-80.97506288709,7.988218350558713],[-80.97508845290413,7.98920439663767],[-80.97527527541676,7.98993851908997],[-80.9760638856838,7.991223924728806],[-80.97609136778077,7.992039422176013],[-80.97590681138666,7.992420127183568],[-80.97557226888456,7.992556802191871],[-80.97484612413652,7.992159531168055],[-80.97406033224249,7.991956929076547],[-80.97191027589658,7.992730447778429],[-80.9713856115984,7.99326578569134],[-80.97113504033044,7.993757255830083]],[[-80.9562133464502,7.945452468368745],[-80.95629434325,7.94541245383863],[-80.95629280804927,7.945412483527647],[-80.95629111587685,7.945412552096125],[-80.95628773515278,7.945412769739068],[-80.95628520549988,7.945413003753508],[-80.95628184199502,7.945413410450734],[-80.95627849390334,7.9454139247919],[-80.95627599416878,7.945414380426023],[-80.95627350622314,7.945414895762163],[-80.95627020982094,7.9454156760486],[-80.95626694062744,7.945416561266572],[-80.95626450709842,7.945417293702191],[-80.95626209261715,7.945418084031469],[-80.95625969809093,7.945418932254535],[-80.95625653774113,7.945420153074704],[-80.95625419401112,7.945421134273029],[-80.9562518747731,7.94542217065192],[-80.95624882236893,7.94542363933217],[-80.95624581804275,7.945425205709656],[-80.95624359949674,7.94542644291086],[-80.95624140997964,7.945427732579464],[-80.95623854082034,7.945429533251525],[-80.9562357306276,7.945431425290084],[-80.9562336635798,7.945432902214945],[-80.95623163281977,7.945434428894275],[-80.956229639255,7.945436004423606],[-80.95622768379306,7.945437626089398],[-80.95622513850334,7.945439861887621],[-80.95622266579134,7.94544217729455],[-80.95622086092804,7.945443965414735],[-80.95621852157883,7.945446415614745],[-80.95621682014044,7.945448301438018],[-80.95621516315676,7.945450227971069],[-80.9562133464502,7.945452468368745]],[[-80.9499144492148,7.94234036345193],[-80.9499145127211,7.942340414114799],[-80.94994425150114,7.942359190882995],[-80.9499144492148,7.94234036345193]]]]}},{"type":"Feature","properties":{"OBJECTID":16,"PROV_ID":"09","DIST_ID":"10","CORR_ID":"14","CODIGO":"091014","CORR_NOMB":"NUEVO SANTIAGO","SHAPE_Leng":0,"CORR_FEAC":null,"ID1":null,"CORR_LEY":null,"Shape_Length":0,"Shape_Area":0},"geometry":{"type":"MultiPolygon","coordinates":[[[[-80.93480446117947,8.118845147069555,0.0],[-80.93467226770883,8.118821117323042,0.0],[-80.93453793487879,8.118824491424622,0.0],[-80.93447173895667,8.11883645610762,0.0],[-80.93443037039118,8.118850744948936,0.0],[-80.93434477470602,8.118880309926036,0.0],[-80.93422947047632,8.118949074170684,0.0],[-80.93411757432155,8.119031100535222,0.0],[-80.93393701415056,8.119163460247778,0.0],[-80.93345316761507,8.119518144878453,0.0],[-80.93320694412249,8.119698638170636,0.0],[-80.93298224663101,8.119798348631578,0.0],[-80.93288233353664,8.119842685852081,0.0],[-80.93277604332879,8.119867589557172,0.0],[-80.93259174194972,8.119889320732137,0.0],[-80.9325286673571,8.119907144380832,0.0],[-80.93242811902033,8.11995008475925,0.0],[-80.93233577380708,8.120008523218516,0.0],[-80.93192897937779,8.120296293901474,0.0],[-80.93171949222662,8.120431270966916,0.0],[-80.93128921321116,8.120682847842176,0.0],[-80.93112141368478,8.120768374482967,0.0],[-80.93084506443358,8.120909227483002,0.0],[-80.93051343986222,8.121053687248416,0.0],[-80.93033312562052,8.12113223372898,0.0],[-80.93013287869837,8.12121106525882,0.0],[-80.93003073155123,8.121263019502576,0.0],[-80.92993553677537,8.121340059881588,0.0],[-80.92980281011681,8.12148237690569,0.0],[-80.92974929927743,8.121523970613296,0.0],[-80.92968892737737,8.12155810240501,0.0],[-80.92963138601066,8.121590633624608,0.0],[-80.92960637239739,8.121598918589568,0.0],[-80.92950273859488,8.121633243678222,0.0],[-80.9292111813949,8.121684816608358,0.0],[-80.9290501296586,8.121730380566028,0.0],[-80.92899160796433,8.121746937181364,0.0],[-80.92877940495508,8.121830718359687,0.0],[-80.92867674228299,8.121880475923172,0.0],[-80.92858534758871,8.121937735056642,0.0],[-80.92853323694149,8.12197038285444,0.0],[-80.92841023983355,8.122079654316632,0.0],[-80.92830067144642,8.122214578412386,0.0],[-80.92825548209007,8.122288194432635,0.0],[-80.92821807001107,8.122362084993256,0.0],[-80.92817166194126,8.122484597106952,0.0],[-80.92815209286668,8.1225687954355,0.0],[-80.92812702060257,8.122676670273705,0.0],[-80.92810582052032,8.122739419637629,0.0],[-80.9280786187248,8.122791166810744,0.0],[-80.92805499909393,8.122836100645241,0.0],[-80.92804424440585,8.12285655874449,0.0],[-80.92796313206614,8.12295454145605,0.0],[-80.92791957522054,8.122989324518086,0.0],[-80.92786775329536,8.123030707511065,0.0],[-80.92781476688185,8.123061207658123,0.0],[-80.92770090347724,8.123105486840199,0.0],[-80.92764119117774,8.123118812901,0.0],[-80.92751925183171,8.123127157375206,0.0],[-80.92741158413955,8.123112718762505,0.0],[-80.92739811750933,8.123110912688698,0.0],[-80.92723670159529,8.123057443989367,0.0],[-80.92720046298598,8.123045440470497,0.0],[-80.92715749580877,8.123041469950696,0.0],[-80.92707196309927,8.123051267180935,0.0],[-80.92703102060244,8.123064848884905,0.0],[-80.9269566595197,8.123108090185355,0.0],[-80.92686744749987,8.123204787665129,0.0],[-80.92679521635348,8.12326049672076,0.0],[-80.92675391416981,8.12328018223017,0.0],[-80.92658212434169,8.12333432743908,0.0],[-80.9264093167858,8.123419067864788,0.0],[-80.92635710731535,8.123434119163912,0.0],[-80.92629770194927,8.123451245093477,0.0],[-80.92618158536777,8.123455433816439,0.0],[-80.92612401465315,8.123446887136701,0.0],[-80.92605383308256,8.123422779005638,0.0],[-80.92601416630755,8.123409152901521,0.0],[-80.9258611344758,8.123329349230957,0.0],[-80.92582577666082,8.123320729669155,0.0],[-80.92581225584145,8.123317433740402,0.0],[-80.92574946569584,8.123304265618652,0.0],[-80.92572937733664,8.123301915551725,0.0],[-80.92563529949234,8.123300514408728,0.0],[-80.92556739833765,8.123314938599417,0.0],[-80.92552325228142,8.123324317029038,0.0],[-80.92541935735987,8.123372427255173,0.0],[-80.92534167067627,8.123432507641295,0.0],[-80.9253288509006,8.123442421862096,0.0],[-80.9252670984827,8.1235066724157,0.0],[-80.9251566086941,8.123648900613176,0.0],[-80.92505156066728,8.123830054342946,0.0],[-80.9250049202419,8.123877900924597,0.0],[-80.92494561929983,8.123908841854496,0.0],[-80.92491304052074,8.1239169306543,0.0],[-80.92464192602522,8.123933039397354,0.0],[-80.92446980057403,8.12395383563058,0.0],[-80.92434986499913,8.123948557917581,0.0],[-80.92423329691879,8.123919941618245,0.0],[-80.92417770132904,8.123897194513187,0.0],[-80.92402326826053,8.123802364427203,0.0],[-80.9239110475658,8.123753220103882,0.0],[-80.92385153100598,8.123738245012369,0.0],[-80.92372934975106,8.123728411387066,0.0],[-80.92366819366237,8.12373367344036,0.0],[-80.923549513119,8.123764233061523,0.0],[-80.92344051407008,8.123820116419301,0.0],[-80.92330502025088,8.123929234709088,0.0],[-80.92322963897325,8.123945229203896,0.0],[-80.92315608962107,8.123922275952763,0.0],[-80.92310332888395,8.123866291577746,0.0],[-80.92308495443017,8.123791704407584,0.0],[-80.92309311639394,8.12372164318981,0.0],[-80.92308720409015,8.123632648906263,0.0],[-80.92305911349673,8.123547966937723,0.0],[-80.92301063725758,8.123472993254875,0.0],[-80.92297758623725,8.123439398375064,0.0],[-80.92289810661318,8.12338911209698,0.0],[-80.92280711299644,8.123365037454594,0.0],[-80.92275992262034,8.123363630970855,0.0],[-80.92271306945007,8.123369412093489,0.0],[-80.92262485590015,8.123394311135593,0.0],[-80.9225362632989,8.123398251681893,0.0],[-80.92239417479249,8.123360792552795,0.0],[-80.92233607241586,8.123365557486691,0.0],[-80.92231091005533,8.12337661351049,0.0],[-80.92228272835504,8.12338899683422,0.0],[-80.92225971414278,8.123406988443586,0.0],[-80.92222416796446,8.123453035867028,0.0],[-80.92218468496928,8.123532168229051,0.0],[-80.92213946248975,8.123573304805662,0.0],[-80.92208673657898,8.123596589567287,0.0],[-80.9220573027221,8.123601558950412,0.0],[-80.92199800033478,8.123596730861935,0.0],[-80.92196976658859,8.123587067577082,0.0],[-80.92192000336053,8.123554563911469,0.0],[-80.92181486900533,8.123409890935578,0.0],[-80.92172489816564,8.123331072933082,0.0],[-80.92167350258654,8.123300213393732,0.0],[-80.92164648442,8.12328997412277,0.0],[-80.92156153245912,8.123257777514487,0.0],[-80.92150254811737,8.123246804813112,0.0],[-80.92142346931598,8.12324635446187,0.0],[-80.92138275532487,8.123246123173969,0.0],[-80.92126711590527,8.123261273722573,0.0],[-80.92121159648181,8.12324959791027,0.0],[-80.92115932285101,8.123220455875158,0.0],[-80.92113353852062,8.12319511717027,0.0],[-80.92110162436786,8.123146447143382,0.0],[-80.92108590271637,8.123085603213783,0.0],[-80.92108490540674,8.123070246489291,0.0],[-80.9210789405582,8.122978384746856,0.0],[-80.9210481805896,8.122908841562785,0.0],[-80.92099665841847,8.12285280921497,0.0],[-80.92096474071717,8.122831784912485,0.0],[-80.92092981830525,8.122816210836977,0.0],[-80.9208547297221,8.122802916553152,0.0],[-80.92068588433477,8.122813610726949,0.0],[-80.92052061127926,8.122849659136685,0.0],[-80.92036272130119,8.122910229442375,0.0],[-80.92024638068602,8.12296928366645,0.0],[-80.92015758387427,8.122991843799698,0.0],[-80.92011171176695,8.122994005714336,0.0],[-80.92002117483706,8.122979898672066,0.0],[-80.91986369717918,8.122910601839259,0.0],[-80.91982392586569,8.122903642544854,0.0],[-80.91974354263911,8.122908278795125,0.0],[-80.91971295466152,8.122919983958834,0.0],[-80.91969418429075,8.122927166897803,0.0],[-80.91966837582419,8.122937043098446,0.0],[-80.91963500985226,8.122959707225105,0.0],[-80.91956008411174,8.123045008590061,0.0],[-80.91950786294467,8.12308588297945,0.0],[-80.91947754504169,8.123099626127773,0.0],[-80.91941231100557,8.123111994681954,0.0],[-80.91934647116437,8.123103383897794,0.0],[-80.91917670956826,8.123015031847086,0.0],[-80.91905636988218,8.122980718278832,0.0],[-80.9189314181239,8.12297336836557,0.0],[-80.91880786331015,8.122993336980542,0.0],[-80.918691646644,8.123039661967105,0.0],[-80.91863717939088,8.123082015637449,0.0],[-80.91861620186052,8.123109526017114,0.0],[-80.91858984515378,8.12317316481974,0.0],[-80.91858429621988,8.123331004813574,0.0],[-80.91855548265514,8.123415350059295,0.0],[-80.91850277760506,8.123487323522804,0.0],[-80.91843096062917,8.123540398022374,0.0],[-80.918346542887,8.123569759939974,0.0],[-80.91825718247429,8.123572746909534,0.0],[-80.91817097997638,8.123549087383324,0.0],[-80.91809618438853,8.12351418568565,0.0],[-80.91807107735497,8.12350247033869,0.0],[-80.91800556776552,8.123498954728822,0.0],[-80.91794272235641,8.123517714166649,0.0],[-80.91788993950276,8.1235565385238,0.0],[-80.91787868397432,8.123573286691947,0.0],[-80.91785343348805,8.123610857467737,0.0],[-80.91781913176628,8.123757161351971,0.0],[-80.91777781255692,8.12383138934538,0.0],[-80.91771697485913,8.123890801396628,0.0],[-80.91768076119632,8.123913350811094,0.0],[-80.91763204381385,8.123930616933803,0.0],[-80.91760050451278,8.123941794392106,0.0],[-80.91755813545717,8.123947095512188,0.0],[-80.9173166843573,8.12394014933015,0.0],[-80.91731662081651,8.123940150221786,0.0],[-80.91711865633702,8.123958177406085,0.0],[-80.9169243042051,8.124000095275878,0.0],[-80.9167683729428,8.124047845305027,0.0],[-80.9166425532363,8.124066328428901,0.0],[-80.91657889362965,8.12406663106908,0.0],[-80.91645290248462,8.124049343708162,0.0],[-80.91621892366398,8.12397266310699,0.0],[-80.91619261734364,8.12397072104979,0.0],[-80.91605010428093,8.12396019890125,0.0],[-80.91595263776394,8.123937191475175,0.0],[-80.91586417084076,8.123890386297951,0.0],[-80.91579044514472,8.123822821134787,0.0],[-80.91573624709358,8.123738882238456,0.0],[-80.91571762759048,8.123692443358301,0.0],[-80.91565853393313,8.123501191359711,0.0],[-80.91556073900443,8.123113077029396,0.0],[-80.91555311952904,8.123074292908155,0.0],[-80.91552215834173,8.12291669232922,0.0],[-80.91548362142693,8.122650194226608,0.0],[-80.91545596870935,8.122458967715628,0.0],[-80.9154510946033,8.122444285871662,0.0],[-80.91541675180417,8.122340843549173,0.0],[-80.91535325748586,8.12223371183711,0.0],[-80.91526932055234,8.122143471026806,0.0],[-80.91516599553908,8.122071251107464,0.0],[-80.91505076980194,8.122023332102602,0.0],[-80.91492375583594,8.121999931117413,0.0],[-80.91479028376612,8.122000943424519,0.0],[-80.9146593798055,8.122026925398805,0.0],[-80.91459635494947,8.12204902478395,0.0],[-80.91447796816351,8.122110455890141,0.0],[-80.91442366202286,8.122149239678585,0.0],[-80.91425571728607,8.122305088883525,0.0],[-80.91421443533596,8.122329725526543,0.0],[-80.91412416568477,8.122362408648923,0.0],[-80.91407664225072,8.12236992627462,0.0],[-80.91388084479995,8.122372507174159,0.0],[-80.91378103531912,8.122373822963418,0.0],[-80.91355155271707,8.122396123875964,0.0],[-80.91353468149157,8.12239776385718,0.0],[-80.91337796831904,8.122427123849898,0.0],[-80.91328111670596,8.122480952834506,0.0],[-80.91324217411609,8.122487545932707,0.0],[-80.91320323526853,8.122480936230566,0.0],[-80.91315231137725,8.122450949516095,0.0],[-80.91311526467229,8.122438025552746,0.0],[-80.91305694897721,8.122442979976432,0.0],[-80.91302263308971,8.122461968172628,0.0],[-80.91298758323913,8.122508676113238,0.0],[-80.91297794822549,8.12259940574531,0.0],[-80.91296538970023,8.12262992797009,0.0],[-80.91292960370848,8.122663806529237,0.0],[-80.91289837124219,8.12267474036541,0.0],[-80.91287339577563,8.122672642796946,0.0],[-80.91284918550352,8.122670609613797,0.0],[-80.91282556217877,8.12265756548005,0.0],[-80.91279822306493,8.122629978114478,0.0],[-80.91274209489808,8.122534255753536,0.0],[-80.9127093454102,8.122500016073015,0.0],[-80.91263329573643,8.122449673360208,0.0],[-80.91253974057588,8.122420927501501,0.0],[-80.91244507251966,8.122421716715824,0.0],[-80.91239886996729,8.122432564074202,0.0],[-80.91231380493689,8.122473972288464,0.0],[-80.91227681891016,8.122503620860373,0.0],[-80.91211473984431,8.122684311157446,0.0],[-80.91196944982656,8.122815025975099,0.0],[-80.91192274575968,8.122848510412558,0.0],[-80.91181055664758,8.122928943935152,0.0],[-80.91178676166389,8.122941392607569,0.0],[-80.91173460048199,8.12295349592072,0.0],[-80.91168137212135,8.122947596662225,0.0],[-80.91165627119788,8.122938026512811,0.0],[-80.9116126846963,8.122907013632217,0.0],[-80.91159545248604,8.122886462154757,0.0],[-80.91157257214864,8.122838208541927,0.0],[-80.9115026310543,8.122566143000293,0.0],[-80.91148176609863,8.122516907480005,0.0],[-80.91146539095956,8.122495622594105,0.0],[-80.91142309479517,8.122462760171254,0.0],[-80.91139838718397,8.122452125437565,0.0],[-80.91134619081872,8.122442786360784,0.0],[-80.91134273345065,8.122442167800626,0.0],[-80.91132618432782,8.12130259075683,0.0],[-80.91131670001153,8.120593259427208,0.0],[-80.91125085962746,8.115668780857126,0.0],[-80.91123819265358,8.114721400207717,0.0],[-80.91120249779989,8.112051569739094,0.0],[-80.91119827219056,8.111635117875695,0.0],[-80.91118051602257,8.110182718709483,0.0],[-80.9110427039019,8.110153642662219,0.0],[-80.91098853409724,8.110143824613377,0.0],[-80.91080643117746,8.110114757806052,0.0],[-80.91069242654271,8.110095783432016,0.0],[-80.91051962984194,8.110093108767762,0.0],[-80.91043352174658,8.110100912396899,0.0],[-80.90999429105989,8.110196715966419,0.0],[-80.90986008956318,8.11021771074931,0.0],[-80.9098251484024,8.110215710297005,0.0],[-80.90958072326977,8.110231947981127,0.0],[-80.90930416520378,8.11022257147793,0.0],[-80.90902994885327,8.110185571274025,0.0],[-80.9089773753509,8.110173386108736,0.0],[-80.90895558280336,8.110168334759482,0.0],[-80.90881277769512,8.110114853004674,0.0],[-80.90863404667323,8.110006949070593,0.0],[-80.90853150896831,8.109960196141047,0.0],[-80.90842189485045,8.109933832854182,0.0],[-80.90836464249566,8.109928584453202,0.0],[-80.90830715015032,8.109928938769507,0.0],[-80.90819364392152,8.10994639182569,0.0],[-80.9074129749744,8.11021958453111,0.0],[-80.90725175827544,8.110249979629025,0.0],[-80.90717124203354,8.110255346079681,0.0],[-80.9070292352573,8.110248155104697,0.0],[-80.90701018029927,8.110247190125817,0.0],[-80.90685237022238,8.110214079238125,0.0],[-80.90670168113412,8.110156826591728,0.0],[-80.90661299078903,8.110104704232775,0.0],[-80.90649635008297,8.11003615515764,0.0],[-80.90635638441074,8.109971785136135,0.0],[-80.9062828513552,8.10994854302331,0.0],[-80.9061312433853,8.10992075384354,0.0],[-80.90605422406452,8.1099163996872,0.0],[-80.90590043420237,8.109926925726635,0.0],[-80.90585312615855,8.109938974253481,0.0],[-80.90567659512847,8.109983932958505,0.0],[-80.90552484516425,8.110008517834341,0.0],[-80.90537110298366,8.110009020372852,0.0],[-80.90515947452455,8.109974955600856,0.0],[-80.90503841470252,8.109975425817975,0.0],[-80.904920862799,8.11000425805832,0.0],[-80.90481341354989,8.110059834721483,0.0],[-80.90476539342828,8.110096732735064,0.0],[-80.90469078051515,8.110168903758458,0.0],[-80.90453922766342,8.110315495736295,0.0],[-80.90447146225102,8.110372494506638,0.0],[-80.90428207633381,8.110531790956115,0.0],[-80.9042424223428,8.110560885514863,0.0],[-80.90415332705786,8.110602198855666,0.0],[-80.90405647503185,8.110618766404091,0.0],[-80.90395865519169,8.110609427408994,0.0],[-80.90386672138851,8.11057483657131,0.0],[-80.90378516718943,8.1105244574464,0.0],[-80.90374205605191,8.110506539903026,0.0],[-80.903650156688,8.110491413117007,0.0],[-80.90355798821061,8.110504811209097,0.0],[-80.90347425567427,8.11054546987173,0.0],[-80.9034380770969,8.110574913426158,0.0],[-80.90338136956798,8.11064855110294,0.0],[-80.9032196221703,8.1111122642845,0.0],[-80.9031578490245,8.111229998405056,0.0],[-80.90311909749167,8.111284134608034,0.0],[-80.90302749526641,8.111380664406859,0.0],[-80.90297025970436,8.111422208488271,0.0],[-80.90291973225493,8.111458883161955,0.0],[-80.90286090701079,8.111490276901769,0.0],[-80.90273584647096,8.111536308525709,0.0],[-80.90257134915564,8.111564008133909,0.0],[-80.90237110293941,8.111570047821337,0.0],[-80.90217196357885,8.111548232082635,0.0],[-80.90207787316565,8.111524366469204,0.0],[-80.90197781594517,8.111498986992531,0.0],[-80.90179244402181,8.111423271388022,0.0],[-80.90161946282737,8.111322562378266,0.0],[-80.90149461006364,8.11123435947125,0.0],[-80.90137303702669,8.111141718697027,0.0],[-80.90114036086739,8.110943611263458,0.0],[-80.90092265041389,8.11072927429618,0.0],[-80.90072525822355,8.110513945349936,0.0],[-80.90052182399099,8.110323433855454,0.0],[-80.90044268820698,8.110262598067605,0.0],[-80.90032799399837,8.11017442804163,0.0],[-80.90030078473735,8.11015351092146,0.0],[-80.90006423046792,8.1100057844162,0.0],[-80.89994082867533,8.109940689911456,0.0],[-80.89970292054042,8.109836305246828,0.0],[-80.89947355695666,8.109763465992781,0.0],[-80.89935630733883,8.1097361739421,0.0],[-80.89923777725973,8.109715073180759,0.0],[-80.89899819723934,8.10969166565434,0.0],[-80.8986378644334,8.109697320990335,0.0],[-80.89851822791422,8.109694387615995,0.0],[-80.89850121644442,8.10969252272213,0.0],[-80.89841012039783,8.109682539129798,0.0],[-80.89828041226343,8.109668322542012,0.0],[-80.89804707554102,8.109615638471606,0.0],[-80.89782121027497,8.109537011861283,0.0],[-80.89774571166576,8.109503321987425,0.0],[-80.89771198751782,8.10948827268109,0.0],[-80.89767671785657,8.109468523850909,0.0],[-80.89755393568134,8.109399774405142,0.0],[-80.89751014820354,8.109369548739883,0.0],[-80.89747938380397,8.10934831213764,0.0],[-80.89729184439219,8.109190149722549,0.0],[-80.89723887817767,8.109153655903011,0.0],[-80.89712293768234,8.109098186835514,0.0],[-80.89699794838806,8.109067994885118,0.0],[-80.89686938965578,8.1090644038807,0.0],[-80.89674289907785,8.109087570829278,0.0],[-80.896624021963,8.10913647952103,0.0],[-80.89651639600598,8.10921232127247,0.0],[-80.896471435489,8.109244003448877,0.0],[-80.89636754972148,8.109296367631694,0.0],[-80.89625420517088,8.109322854751184,0.0],[-80.89613778965234,8.109321973921517,0.0],[-80.89602486214262,8.10929377294562,0.0],[-80.89592178606591,8.109239842744355,0.0],[-80.8958343698679,8.109163220476667,0.0],[-80.895771530651,8.109081690964778,0.0],[-80.8957456474666,8.10904811019394,0.0],[-80.8956275329751,8.108919960526862,0.0],[-80.89549357693902,8.108808350968658,0.0],[-80.89536162419763,8.10872501627888,0.0],[-80.89534609255522,8.108715206978477,0.0],[-80.89506537361748,8.1085820882897,0.0],[-80.89500881908273,8.108544072711856,0.0],[-80.8949085155063,8.10845481851653,0.0],[-80.8948234533936,8.108346409878195,0.0],[-80.89478921527277,8.10828760986945,0.0],[-80.89475414240138,8.10819618798089,0.0],[-80.89474475762732,8.108148068969022,0.0],[-80.89474291323525,8.10805021164915,0.0],[-80.89476355254898,8.107958152866644,0.0],[-80.89477082792267,8.107925703138203,0.0],[-80.89477069173407,8.107866475031376,0.0],[-80.89475130903149,8.107810484764627,0.0],[-80.89471477228416,8.107763770741613,0.0],[-80.89466502045022,8.107731370505531,0.0],[-80.89463682479003,8.107721701729217,0.0],[-80.89460741885814,8.107716777903116,0.0],[-80.89454818020229,8.107721567549175,0.0],[-80.89418524990806,8.107864665450178,0.0],[-80.89410511419607,8.107880912958306,0.0],[-80.89402424684329,8.107869570606274,0.0],[-80.89395181605391,8.107831981320782,0.0],[-80.89389612876151,8.10777245473164,0.0],[-80.89376394579678,8.107510547894174,0.0],[-80.8936990302564,8.107402171408514,0.0],[-80.89362863051721,8.10729724976392,0.0],[-80.89347213245075,8.107098862974558,0.0],[-80.89329197409224,8.106913648310348,0.0],[-80.89317182410161,8.106806352689336,0.0],[-80.89314216930434,8.106781723089103,0.0],[-80.89304788979634,8.106703420490335,0.0],[-80.89293142617636,8.106616188667068,0.0],[-80.8927505897666,8.10648074097916,0.0],[-80.89271598998936,8.106445726727197,0.0],[-80.89268605224032,8.106406676696329,0.0],[-80.89264196300314,8.106318975377038,0.0],[-80.8926210790403,8.106223117512753,0.0],[-80.89261980588154,8.106173991110344,0.0],[-80.89263569693193,8.106077186820931,0.0],[-80.89270419638088,8.105932203804262,0.0],[-80.89274317447962,8.105814112494903,0.0],[-80.89275266606484,8.105752583935123,0.0],[-80.89275115616879,8.105634222367042,0.0],[-80.89274002310592,8.10556700962174,0.0],[-80.89270275039655,8.105463061681462,0.0],[-80.89269804663894,8.105449943575266,0.0],[-80.89266763649402,8.105395565830975,0.0],[-80.89258981229487,8.105298410319165,0.0],[-80.89249256228099,8.105220551847873,0.0],[-80.89235203715891,8.10513464139389,0.0],[-80.89216528005713,8.105032683724767,0.0],[-80.8920629022977,8.104976791678732,0.0],[-80.89200770948322,8.104951184654723,0.0],[-80.89176402676587,8.104838128282584,0.0],[-80.89145449621927,8.104719692981375,0.0],[-80.89130314807572,8.104661783227753,0.0],[-80.89100429009159,8.104527223223569,0.0],[-80.8907328948981,8.104376326965571,0.0],[-80.89042515719255,8.10416910172183,0.0],[-80.89038672675592,8.104143223095958,0.0],[-80.89020058777896,8.104038125010273,0.0],[-80.89000342362812,8.103955367137415,0.0],[-80.8899012090034,8.103925877484475,0.0],[-80.8897979234186,8.103896079065384,0.0],[-80.8896923758745,8.103886436078799,0.0],[-80.88965934296245,8.10389240440456,0.0],[-80.88957257925647,8.103908080278172,0.0],[-80.88952582049244,8.10390388497972,0.0],[-80.88948611460356,8.103878919518957,0.0],[-80.88941453075103,8.103775420590365,0.0],[-80.88934349169897,8.103717858424407,0.0],[-80.88925367027251,8.103679623172454,0.0],[-80.88920696351927,8.103671220793506,0.0],[-80.88903456992475,8.103662547241434,0.0],[-80.88891312741038,8.103632374603256,0.0],[-80.88885506976595,8.103608914679993,0.0],[-80.88883452923798,8.103598279724345,0.0],[-80.88879947611652,8.103580131243705,0.0],[-80.8886976147759,8.103507655399964,0.0],[-80.8886599933905,8.103468070199487,0.0],[-80.88858147487838,8.103385454369993,0.0],[-80.88854729564594,8.103358256091754,0.0],[-80.88846430287767,8.103319822627876,0.0],[-80.88842589326994,8.103311347351308,0.0],[-80.88833867171678,8.1033122244137,0.0],[-80.88830069020409,8.103321409661225,0.0],[-80.88821824398568,8.103361564436328,0.0],[-80.888155624855,8.103422077893226,0.0],[-80.88806431348866,8.10359960137674,0.0],[-80.8879934577793,8.103687313244972,0.0],[-80.88795116147678,8.103724768958724,0.0],[-80.88793638224567,8.103732904031695,0.0],[-80.8879115117397,8.10374659388103,0.0],[-80.88784422490146,8.10375255897622,0.0],[-80.88780133119782,8.103738051778237,0.0],[-80.88775158678435,8.103692505799348,0.0],[-80.88772978480121,8.103628788782274,0.0],[-80.88773373385838,8.103583821111709,0.0],[-80.8877720749442,8.103472730410708,0.0],[-80.88778208738981,8.103443720655147,0.0],[-80.88780100868753,8.103319637994256,0.0],[-80.88779739911857,8.103194182360479,0.0],[-80.88778715319883,8.103132200735613,0.0],[-80.88774355596266,8.102990499248499,0.0],[-80.88789666087212,8.102937808850752,0.0],[-80.88796959233306,8.102902568655464,0.0],[-80.88810592470014,8.1028154057232,0.0],[-80.88823181147846,8.102711829550135,0.0],[-80.88836950672761,8.10262255206467,0.0],[-80.88851919263803,8.102555111818305,0.0],[-80.88859746010722,8.102530088945905,0.0],[-80.88866072663453,8.102517551075636,0.0],[-80.88875857833537,8.10249815981337,0.0],[-80.88884049686875,8.10249143963468,0.0],[-80.88918531273409,8.102499850783419,0.0],[-80.88929261272716,8.102502467833855,0.0],[-80.8893417578699,8.102512329901177,0.0],[-80.88943464729299,8.102549443418539,0.0],[-80.88947701660001,8.102576145435897,0.0],[-80.88955048254759,8.102643869038502,0.0],[-80.88958049025226,8.102683888994944,0.0],[-80.88959955184062,8.102722312170926,0.0],[-80.88962484392198,8.102773292175788,0.0],[-80.88965414245254,8.102921031992908,0.0],[-80.88969139854174,8.103022301836697,0.0],[-80.88974383232102,8.103101992330028,0.0],[-80.88977914086817,8.103138808886495,0.0],[-80.88986183571859,8.103198345138008,0.0],[-80.88995648329114,8.103236284866211,0.0],[-80.89005751377307,8.103250395038426,0.0],[-80.89016210523957,8.103240466843502,0.0],[-80.89026183053468,8.103207513820063,0.0],[-80.89035165249953,8.103153199892493,0.0],[-80.8904270365423,8.103080268251428,0.0],[-80.89050784613111,8.102955494714672,0.0],[-80.89056384233191,8.102902116911293,0.0],[-80.89063780763443,8.102869380305519,0.0],[-80.8906779122654,8.102862969660613,0.0],[-80.89085030136818,8.102883847596912,0.0],[-80.89094231101313,8.102872127539333,0.0],[-80.89098633090542,8.102857251329361,0.0],[-80.8910665156184,8.102810779821581,0.0],[-80.8912615562948,8.102633505823329,0.0],[-80.89143598523448,8.102504026247862,0.0],[-80.89160550110773,8.10240401641211,0.0],[-80.89176942993072,8.10233886002209,0.0],[-80.89194163230404,8.10230034383095,0.0],[-80.89202948843868,8.102291405723772,0.0],[-80.89211777930483,8.102289437265412,0.0],[-80.89238082816534,8.102308268910589,0.0],[-80.89273150733513,8.102317533406705,0.0],[-80.89308197606363,8.102302271594338,0.0],[-80.89312810395231,8.102295763689893,0.0],[-80.89327801458872,8.102274612058464,0.0],[-80.89346912616816,8.10222304390069,0.0],[-80.89361028197256,8.102164923639489,0.0],[-80.89369538536211,8.102099531525887,0.0],[-80.89381789151705,8.101939492557005,0.0],[-80.8938950271295,8.101885044278696,0.0],[-80.89398473568006,8.101855357675475,0.0],[-80.89401061773495,8.101852799098546,0.0],[-80.89403189595339,8.101850696121554,0.0],[-80.8942087191167,8.101870359882728,0.0],[-80.89428957813121,8.101849959735336,0.0],[-80.89435871408753,8.101803456666545,0.0],[-80.89440794196513,8.101736354556024,0.0],[-80.89443143516225,8.101656596560957,0.0],[-80.89442641284658,8.101573624557947,0.0],[-80.8943934697242,8.101497259393588,0.0],[-80.89436762687062,8.101464441075978,0.0],[-80.89433650462597,8.10143654123392,0.0],[-80.89427207854088,8.101396468378834,0.0],[-80.89422494316,8.101347713608519,0.0],[-80.89419625043391,8.101286346960153,0.0],[-80.89418911193304,8.101219019492158,0.0],[-80.89420430179966,8.101153032024992,0.0],[-80.89428723470287,8.10102129141844,0.0],[-80.89430139164125,8.100979564600678,0.0],[-80.89433468308268,8.100802489571542,0.0],[-80.89438727630461,8.100676867596217,0.0],[-80.89439491124138,8.100664416639553,0.0],[-80.89442293475987,8.1006187188149,0.0],[-80.8945111210996,8.10051477360916,0.0],[-80.89461864281796,8.10043083115821,0.0],[-80.89467828175539,8.100397489484676,0.0],[-80.8948062120217,8.100349802072566,0.0],[-80.89483506712935,8.100345179121776,0.0],[-80.89506382387157,8.100308531398138,0.0],[-80.89517859648367,8.100260870334186,0.0],[-80.89527951625486,8.100188490675297,0.0],[-80.89535126141375,8.100106641016534,0.0],[-80.89536131499472,8.100095171192928,0.0],[-80.89541972358775,8.099985783612626,0.0],[-80.89543915111234,8.09992682462399,0.0],[-80.8954562115194,8.09984289674617,0.0],[-80.89546298587751,8.099809567639436,0.0],[-80.89550258898323,8.099701535669338,0.0],[-80.89556340252463,8.099603783902214,0.0],[-80.89564288760099,8.099520394816173,0.0],[-80.89573801083779,8.099454689131466,0.0],[-80.89579028537926,8.09942939770962,0.0],[-80.89587077507356,8.099406410133197,0.0],[-80.89602922458057,8.099361158831934,0.0],[-80.89615131265685,8.099309777129594,0.0],[-80.89622220250675,8.099270286246083,0.0],[-80.89634703194713,8.099178846297203,0.0],[-80.8964497986654,8.099076785821433,0.0],[-80.89651290961237,8.098998702111365,0.0],[-80.8965709304106,8.098916791760507,0.0],[-80.89670048762886,8.098690290067573,0.0],[-80.89673596620896,8.098641453365309,0.0],[-80.89677677076934,8.098596939945116,0.0],[-80.89687219338761,8.098523113016983,0.0],[-80.8969818504065,8.098472604426814,0.0],[-80.89710010639433,8.098448009704777,0.0],[-80.89722088150896,8.098450593682145,0.0],[-80.89732848101485,8.098470856446406,0.0],[-80.89737743903568,8.098473008020084,0.0],[-80.89747396502572,8.098457432416875,0.0],[-80.89751974027828,8.098439993341449,0.0],[-80.89760207880632,8.09838742982198,0.0],[-80.8976371124174,8.098353280100637,0.0],[-80.89766716133636,8.098314701355593,0.0],[-80.89772329280878,8.098215376874148,0.0],[-80.89780265059879,8.098111997677155,0.0],[-80.89790082707616,8.098026152440639,0.0],[-80.89795580320742,8.097990879705467,0.0],[-80.89805672148324,8.097945502861002,0.0],[-80.89807485594267,8.097937349256217,0.0],[-80.89813777151689,8.097919613175037,0.0],[-80.89828633802563,8.097894175392643,0.0],[-80.89845041362356,8.09784759575592,0.0],[-80.89860565905859,8.097777098468551,0.0],[-80.89861933251362,8.097768217377594,0.0],[-80.89874858757517,8.097684269255412,0.0],[-80.89887598823225,8.097571192320633,0.0],[-80.8989849967128,8.097440408754302,0.0],[-80.8990731661371,8.09729485684808,0.0],[-80.89910427120053,8.097227746040137,0.0],[-80.8991416443052,8.097147111045427,0.0],[-80.89922447577129,8.09701566514253,0.0],[-80.8993281568379,8.096899836893494,0.0],[-80.89944977854533,8.09680287561354,0.0],[-80.899502077024,8.096773922094275,0.0],[-80.89958593195553,8.096727499525116,0.0],[-80.89965827701579,8.096698592525584,0.0],[-80.89980896851101,8.096659352177545,0.0],[-80.89988625655084,8.096649295359605,0.0],[-80.9000420059613,8.096648660543016,0.0],[-80.90014817717051,8.09666612353472,0.0],[-80.90019567770977,8.096673936893515,0.0],[-80.9005247652119,8.096791056020678,0.0],[-80.900574816799,8.096804249315099,0.0],[-80.90061844709713,8.096815749531903,0.0],[-80.9006617852823,8.096822926829319,0.0],[-80.90080953756465,8.096847396459772,0.0],[-80.90088694526393,8.096852866079717,0.0],[-80.9009061982556,8.096854226674273,0.0],[-80.90109985808863,8.09684976536505,0.0],[-80.90119572522947,8.096835316688095,0.0],[-80.90121735520462,8.09687467979164,0.0],[-80.90121546674733,8.09694758876603,0.0],[-80.9010077473796,8.097148242675088,0.0],[-80.90098098933784,8.097256616631666,0.0],[-80.90100565979355,8.097363665232905,0.0],[-80.90122153629237,8.097524927307214,0.0],[-80.9014006284736,8.097572596967135,0.0],[-80.90153876973835,8.097571272585405,0.0],[-80.90182803675542,8.097462189330138,0.0],[-80.90190806572937,8.097397176864506,0.0],[-80.90198118001538,8.097279964768529,0.0],[-80.90200434711743,8.097175185466954,0.0],[-80.90198682827669,8.097036464016925,0.0],[-80.90187762683307,8.096933890772162,0.0],[-80.90184720338306,8.096819456995103,0.0],[-80.90187662695693,8.096707369535322,0.0],[-80.9019540493777,8.096625654820896,0.0],[-80.90198328603725,8.096614485223807,0.0],[-80.90197254735993,8.09659627586512,0.0],[-80.90206478740924,8.096551719073407,0.0],[-80.90209873245392,8.096535322299145,0.0],[-80.9024535724982,8.09633591781125,0.0],[-80.90270122479038,8.09622720026412,0.0],[-80.90276983622839,8.096202534157982,0.0],[-80.9028285378751,8.09618143141722,0.0],[-80.90308879993998,8.096107549946566,0.0],[-80.90335561405112,8.09605760244215,0.0],[-80.90354778679442,8.09603384737335,0.0],[-80.90366181265884,8.096002649233649,0.0],[-80.90367390620014,8.095987878977573,0.0],[-80.90368291915811,8.095976863685703,0.0],[-80.90369499544826,8.095962110611328,0.0],[-80.90370836008049,8.0959457848281,0.0],[-80.9037209057653,8.095930457474411,0.0],[-80.9037408374038,8.095906109880648,0.0],[-80.90375875799081,8.095884216760345,0.0],[-80.9037740510466,8.095865534172253,0.0],[-80.90380676714062,8.095825568010447,0.0],[-80.90383877777226,8.095786463715804,0.0],[-80.90387106440639,8.095747021181822,0.0],[-80.90392307201293,8.09568348788455,0.0],[-80.9039779032404,8.095616504386236,0.0],[-80.90408171681155,8.095489683746113,0.0],[-80.90419176410118,8.095355248230026,0.0],[-80.90429477130495,8.095229413302864,0.0],[-80.90438271696624,8.095121976986507,0.0],[-80.90459558131803,8.094861935183813,0.0],[-80.90482033820444,8.094587366248813,0.0],[-80.9050416437968,8.094317013392722,0.0],[-80.90522987102887,8.094087069840452,0.0],[-80.90545039617604,8.093817669060138,0.0],[-80.9056675817269,8.093552347807993,0.0],[-80.90606620663684,8.093065371111228,0.0],[-80.90657033493882,8.092449507088162,0.0],[-80.90706389006179,8.0918465551696,0.0],[-80.90802791708725,8.090668846313958,0.0],[-80.90803657481834,8.090658269547408,0.0],[-80.90914690238549,8.089301820011356,0.0],[-80.91025258865496,8.087951027849435,0.0],[-80.91027103874345,8.087928487789794,0.0],[-80.9112031459457,8.086789743801914,0.0],[-80.91223589967892,8.085528031966843,0.0],[-80.91225061454269,8.085510054468713,0.0],[-80.91318452090975,8.084369094470262,0.0],[-80.91407920127938,8.083276048887805,0.0],[-80.91484837579829,8.082336328148793,0.0],[-80.91556934583194,8.081455496669607,0.0],[-80.91477800432153,8.080152723159857,0.0],[-80.91475391610972,8.080113066245978,0.0],[-80.91427684907802,8.079327673414182,0.0],[-80.91380140251198,8.07854494335434,0.0],[-80.91379248824647,8.07853026785012,0.0],[-80.91337630844278,8.07784510649778,0.0],[-80.91336234326198,8.077822115281855,0.0],[-80.91328779125216,8.077699379959352,0.0],[-80.9131932070099,8.077543664062084,0.0],[-80.91311623442682,8.077416943646972,0.0],[-80.91305588542215,8.077317589417838,0.0],[-80.9130394533318,8.077290537137001,0.0],[-80.91302380061327,8.07726476767449,0.0],[-80.91301432932231,8.077249174819874,0.0],[-80.91300396978646,8.07723212092627,0.0],[-80.91299159692227,8.077211910625818,0.0],[-80.91580993192828,8.076206482031749,0.0],[-80.91618299322361,8.076073392406546,0.0],[-80.91725020409709,8.075601402236623,0.0],[-80.91798399659977,8.075315699111862,0.0],[-80.91909234064155,8.074941253700397,0.0],[-80.91998162456102,8.0746886037402,0.0],[-80.92124920688781,8.074232666281686,0.0],[-80.92253576986823,8.073729740627565,0.0],[-80.92505912585021,8.07282227591836,0.0],[-80.92622819174663,8.072354414519268,0.0],[-80.92684366447709,8.07220121704704,0.0],[-80.9273132833251,8.072155011172875,0.0],[-80.92792171885037,8.072210809267773,0.0],[-80.92837808419847,8.072327287052795,0.0],[-80.92903212418044,8.072677360187484,0.0],[-80.92946058377025,8.072947652731317,0.0],[-80.9327657773762,8.075358843317714,0.0],[-80.93339793594676,8.075876530146333,0.0],[-80.93380848213582,8.076256556322122,0.0],[-80.9341996301016,8.076656390452353,0.0],[-80.93473823565337,8.07727858559527,0.0],[-80.93522999823907,8.077938182143408,0.0],[-80.93553760607738,8.078408157853682,0.0],[-80.93734673561974,8.081671679446686,0.0],[-80.94180902456772,8.088876768041773,0.0],[-80.94210900531026,8.089401556093517,0.0],[-80.94245827831638,8.089895114002447,0.0],[-80.94284843403864,8.090346595806603,0.0],[-80.94328833611547,8.090765928260382,0.0],[-80.94376356053215,8.091137793362513,0.0],[-80.94815034636176,8.093880467598726,0.0],[-80.94855345015392,8.09415190466615,0.0],[-80.94856051021323,8.094156658970691,0.0],[-80.94970737232313,8.094840681226923,0.0],[-80.95044708477349,8.09528699206042,0.0],[-80.95076828113362,8.095442238283539,0.0],[-80.95093374745262,8.095510161029525,0.0],[-80.95109921733714,8.095548982497775,0.0],[-80.9514106911248,8.095607223014142,0.0],[-80.95234512396952,8.095704337196693,0.0],[-80.95312382173127,8.095762630679122,0.0],[-80.95459426519078,8.095836616367695,0.0],[-80.9556362650306,8.095886895516774,0.0],[-80.95568379627075,8.095889021851175,0.0],[-80.95610234622633,8.09592786868875,0.0],[-80.95634568997062,8.09593759609156,0.0],[-80.95644760728618,8.095957265582706,0.0],[-80.95664743198357,8.095995830671916,0.0],[-80.95692970462947,8.096063763380144,0.0],[-80.95722170794474,8.096170499434805,0.0],[-80.9574553069064,8.096286928697838,0.0],[-80.95772783702435,8.096442164381797,0.0],[-80.95804862545924,8.096672280858026,0.0],[-80.95842861921952,8.096956360482059,0.0],[-80.95894447103436,8.097363831468588,0.0],[-80.95960632212731,8.097868321217527,0.0],[-80.96052123889156,8.098537742211928,0.0],[-80.96079377170287,8.09869297494053,0.0],[-80.9611831115428,8.098848219518507,0.0],[-80.9616113879203,8.09899376698643,0.0],[-80.96302575271336,8.099266961590308,0.0],[-80.96377032944933,8.099409383875939,0.0],[-80.96422061888495,8.099497306149464,0.0],[-80.96484298102429,8.099624587132377,0.0],[-80.96563141047517,8.09980896287015,0.0],[-80.96629330054694,8.099993326652466,0.0],[-80.96646850601141,8.100051544413049,0.0],[-80.96678971381485,8.100177675927043,0.0],[-80.96704278885142,8.100265000981748,0.0],[-80.96723745756057,8.100381422403965,0.0],[-80.96751972573546,8.100565753538847,0.0],[-80.96757234739354,8.100607160825755,0.0],[-80.96770465853663,8.100711274267491,0.0],[-80.96805504836816,8.101109021094855,0.0],[-80.96825943722008,8.10140975044492,0.0],[-80.96843462242113,8.101739579543699,0.0],[-80.96899910279151,8.102893976163033,0.0],[-80.96993175529954,8.104883537444312,0.0],[-80.97098217388212,8.107073368713142,0.0],[-80.97105358091012,8.107221831344708,0.0],[-80.97068269153795,8.107279812766107,0.0],[-80.97065137210163,8.107288402838574,0.0],[-80.97055783995651,8.107295272488027,0.0],[-80.97046567927198,8.10727795001031,0.0],[-80.97042206439605,8.107260517063349,0.0],[-80.97037612313129,8.10723057491278,0.0],[-80.97026778142813,8.107159963235324,0.0],[-80.97018220150282,8.107130435167944,0.0],[-80.97009196172719,8.107122811337574,0.0],[-80.96973409196029,8.10712278492735,0.0],[-80.96963335723778,8.107131141815792,0.0],[-80.96953769737947,8.107163692168097,0.0],[-80.96945287087928,8.107218476258126,0.0],[-80.96943627067853,8.107236242196219,0.0],[-80.96938398552871,8.107292197389253,0.0],[-80.96932576126488,8.10738549468932,0.0],[-80.96925051340396,8.107477508044166,0.0],[-80.96920697493083,8.107518091941214,0.0],[-80.9691098253991,8.107586770733015,0.0],[-80.96898105995751,8.107646486619215,0.0],[-80.96890304671625,8.107673292458442,0.0],[-80.96882334286684,8.107694595772433,0.0],[-80.96866043368495,8.107720306889405,0.0],[-80.96856998766353,8.107713960836044,0.0],[-80.9684812950265,8.107676113021123,0.0],[-80.96841659658526,8.107621829554125,0.0],[-80.9683198786166,8.107497629069114,0.0],[-80.96830913227174,8.107489090181272,0.0],[-80.96823206991894,8.107427862393381,0.0],[-80.96813072776337,8.107379643748635,0.0],[-80.96802108021703,8.107355459239955,0.0],[-80.96790878477351,8.107356558490304,0.0],[-80.96785345775251,8.107366622683532,0.0],[-80.96772607438834,8.10740627354236,0.0],[-80.96757432146747,8.107434047484125,0.0],[-80.96742004088927,8.10743589313059,0.0],[-80.96734431810577,8.107423663880626,0.0],[-80.9672186369028,8.107403365629876,0.0],[-80.96711951986006,8.107408010655798,0.0],[-80.96702585573209,8.107440653746936,0.0],[-80.96642099896374,8.107579404940427,0.0],[-80.96627303641557,8.107585103153601,0.0],[-80.96612673277247,8.107562355146062,0.0],[-80.96598754500752,8.107512009843308,0.0],[-80.96592225621426,8.107477036276798,0.0],[-80.9658770072129,8.107443584022533,0.0],[-80.9658033348769,8.10738911757581,0.0],[-80.96575081327437,8.107336993869893,0.0],[-80.96571707655433,8.107292066532175,0.0],[-80.96566209693451,8.107218849394062,0.0],[-80.9654373684653,8.106855792662813,0.0],[-80.96516759836221,8.106439986709484,0.0],[-80.96515674807748,8.10642739172487,0.0],[-80.96512272329502,8.106387897042639,0.0],[-80.96501975799268,8.10629687143925,0.0],[-80.96490203478815,8.10622580073427,0.0],[-80.96477339841918,8.10617700541951,0.0],[-80.96463804949035,8.106152079667135,0.0],[-80.96430889631463,8.106118585330382,0.0],[-80.964155577194,8.106102984665515,0.0],[-80.96386806915692,8.106073727833248,0.0],[-80.9633007248807,8.106015994878634,0.0],[-80.9631811696282,8.105992863788055,0.0],[-80.9630299522267,8.10596360779469,0.0],[-80.96276495924535,8.105887322832993,0.0],[-80.96268777787972,8.105859394110782,0.0],[-80.96263529375852,8.105840401883793,0.0],[-80.96250786445589,8.105787749866623,0.0],[-80.96248649494407,8.105777195414268,0.0],[-80.96226072463169,8.105665685105228,0.0],[-80.96196191469434,8.105480627902592,0.0],[-80.9615951535986,8.105253486202608,0.0],[-80.96135222651962,8.105059603588488,0.0],[-80.96102400875772,8.104702956897109,0.0],[-80.96099475048048,8.104685155257565,0.0],[-80.96090159706611,8.104628475337481,0.0],[-80.96076470270492,8.10458908257953,0.0],[-80.96044744463401,8.104591064558274,0.0],[-80.96022462068228,8.104630360987281,0.0],[-80.95994086701394,8.104814506044798,0.0],[-80.95974576752954,8.104867718730407,0.0],[-80.95956635603312,8.104978692954994,0.0],[-80.959442418317,8.104998840366127,0.0],[-80.95886900580115,8.10485902715743,0.0],[-80.95847671154402,8.104655496087197,0.0],[-80.95836646245196,8.104659463060209,0.0],[-80.95799348215809,8.104771944570798,0.0],[-80.95744567372012,8.10468105461706,0.0],[-80.95697893501656,8.104709615676189,0.0],[-80.95645226236803,8.104473975010912,0.0],[-80.95622942984552,8.104430110303696,0.0],[-80.95600275355457,8.104426120362486,0.0],[-80.95570381039362,8.104489657101176,0.0],[-80.95533487630918,8.104673122125865,0.0],[-80.95510699196659,8.104749253926506,0.0],[-80.95423949234457,8.104847420638226,0.0],[-80.95350456240793,8.10509887491168,0.0],[-80.95334196402722,8.105122215452099,0.0],[-80.95315796967051,8.105107091078922,0.0],[-80.95302292075448,8.105134402014071,0.0],[-80.95294456080617,8.105132740365773,0.0],[-80.95290393054634,8.105122478977346,0.0],[-80.95286795272321,8.105107342595517,0.0],[-80.9527975959894,8.105057397843346,0.0],[-80.95274755513576,8.10499067240373,0.0],[-80.95270088398743,8.104897403314412,0.0],[-80.9526884565041,8.10488548984732,0.0],[-80.95265566385252,8.104854052911742,0.0],[-80.95259931915443,8.104826535367597,0.0],[-80.95255148249407,8.104819369382804,0.0],[-80.95245139974314,8.104804376560416,0.0],[-80.95237420888168,8.104764740100196,0.0],[-80.95231368205845,8.104702690812905,0.0],[-80.95226235526208,8.104596470678851,0.0],[-80.95225243945919,8.104575949789815,0.0],[-80.95221418345763,8.10453751638528,0.0],[-80.95216548289767,8.1045135346602,0.0],[-80.95211160836712,8.104506600385193,0.0],[-80.95205839161505,8.10451746411614,0.0],[-80.95201159291194,8.104544950615432,0.0],[-80.95195089609435,8.104615889173537,0.0],[-80.95189856341024,8.104641988331663,0.0],[-80.95185940942766,8.104644368106696,0.0],[-80.9518215176982,8.104634259802921,0.0],[-80.95166676110628,8.104663158161031,0.0],[-80.95154783136422,8.10467083182294,0.0],[-80.95146357681695,8.104655856016054,0.0],[-80.95143050437201,8.104649977023088,0.0],[-80.9513215703649,8.104601802148428,0.0],[-80.95122733377198,8.10452909487965,0.0],[-80.9511874738,8.104484806936673,0.0],[-80.95123341250351,8.104627109984227,0.0],[-80.95125777232164,8.104774612517046,0.0],[-80.95126167452881,8.104849305334925,0.0],[-80.9512564619098,8.10504379120516,0.0],[-80.951273294428,8.10552263057169,0.0],[-80.95126333075471,8.105666298223957,0.0],[-80.9512493230535,8.105737002543895,0.0],[-80.95120349485518,8.105874260781961,0.0],[-80.95117204756654,8.105939519426531,0.0],[-80.95109320514503,8.106060979340734,0.0],[-80.95099502355448,8.10616752721029,0.0],[-80.95087131638893,8.106271058018512,0.0],[-80.9507483713817,8.106398893245244,0.0],[-80.9506455866707,8.106543327565216,0.0],[-80.95060246855411,8.106620804321222,0.0],[-80.9505651882902,8.106701232423536,0.0],[-80.95050891852455,8.106869186130606,0.0],[-80.95047799505075,8.10704355255176,0.0],[-80.95046709913224,8.10719984305911,0.0],[-80.95043728536831,8.10733255235125,0.0],[-80.9504129198154,8.107396150133109,0.0],[-80.95034639633917,8.107514891406566,0.0],[-80.95025829257813,8.107618745659762,0.0],[-80.95020713886647,8.107663862908849,0.0],[-80.95004434206183,8.107770085142837,0.0],[-80.94981949184552,8.10788502587396,0.0],[-80.94958369328263,8.107975600158364,0.0],[-80.94946251430575,8.108011420723388,0.0],[-80.94921529533417,8.108063624162167,0.0],[-80.94895272146114,8.108090100117257,0.0],[-80.94880486507994,8.108085712597138,0.0],[-80.94865991183256,8.108057140427592,0.0],[-80.94852165123875,8.10800518823556,0.0],[-80.94837013563325,8.107918304203585,0.0],[-80.94816879243692,8.107775899721569,0.0],[-80.94808575252226,8.107741594939263,0.0],[-80.94799647828869,8.1077311170091,0.0],[-80.94795160534672,8.107735132913056,0.0],[-80.94786563310417,8.107761296899644,0.0],[-80.94744782662804,8.107941811392747,0.0],[-80.9473280940594,8.107965762904358,0.0],[-80.9472670172077,8.107968518409265,0.0],[-80.94720597565679,8.10796506688551,0.0],[-80.94708652635146,8.107939752031381,0.0],[-80.94693134547141,8.10786952609331,0.0],[-80.94683882758295,8.107842048273875,0.0],[-80.94674248553838,8.107835891993282,0.0],[-80.94661819948132,8.107850011144512,0.0],[-80.94646485405136,8.10784850485923,0.0],[-80.94631401457151,8.107820949607337,0.0],[-80.94591957153418,8.107720641640695,0.0],[-80.94580954737161,8.10771892104822,0.0],[-80.9457551430565,8.10772770604132,0.0],[-80.94565129242186,8.107763959248102,0.0],[-80.94556802864776,8.107809772655752,0.0],[-80.94553022262353,8.107822802175386,0.0],[-80.94545082075672,8.107830255002513,0.0],[-80.94537307518249,8.10781253530669,0.0],[-80.9453373001856,8.107794697302662,0.0],[-80.94527645486455,8.107743316111469,0.0],[-80.94519210152188,8.1076371802279,0.0],[-80.9451546317298,8.107607175778808,0.0],[-80.9450691244194,8.107563889676513,0.0],[-80.94490687606962,8.107532306214178,0.0],[-80.9447901011091,8.107520126024292,0.0],[-80.94467280328084,8.107514935189998,0.0],[-80.9444383245642,8.107525571566136,0.0],[-80.94425583186855,8.107555330779839,0.0],[-80.94412842367363,8.107600160035679,0.0],[-80.94406813361806,8.107630679435006,0.0],[-80.94401073383021,8.107666306313003,0.0],[-80.9439063225506,8.107751770149255,0.0],[-80.94381834530851,8.107853965880075,0.0],[-80.94370156104796,8.108019206574227,0.0],[-80.94365416214652,8.108067384511756,0.0],[-80.94354656704732,8.108149055033774,0.0],[-80.94342528250385,8.108208709588386,0.0],[-80.94321484508592,8.108272611223843,0.0],[-80.94292902466833,8.108377348072084,0.0],[-80.94265333139458,8.108506258438172,0.0],[-80.9425199288537,8.108579485600426,0.0],[-80.94233279092542,8.10869828359451,0.0],[-80.94223033660913,8.10879223737777,0.0],[-80.94214593385082,8.108902585955319,0.0],[-80.94208217913408,8.109025934930294,0.0],[-80.94204103453369,8.109158489098807,0.0],[-80.94200827586808,8.109412755296178,0.0],[-80.9419720648466,8.109853156608189,0.0],[-80.94193716433618,8.109984334923745,0.0],[-80.94187618085633,8.110105678865562,0.0],[-80.9417916729981,8.110212099788527,0.0],[-80.9416871841208,8.110299135134998,0.0],[-80.94153248423508,8.110399464662585,0.0],[-80.94145212762679,8.110483467738684,0.0],[-80.94139132325678,8.110582449341992,0.0],[-80.94136914233356,8.110636191803707,0.0],[-80.94134246790485,8.11074916265187,0.0],[-80.9413402626357,8.110865198018,0.0],[-80.94136565157434,8.111029287054357,0.0],[-80.94137860676499,8.11124463243752,0.0],[-80.94136271906507,8.111459781903926,0.0],[-80.94128796237632,8.111827477061151,0.0],[-80.94128266167682,8.11190709298159,0.0],[-80.94129194973256,8.112066269796342,0.0],[-80.94130647420761,8.112144737984597,0.0],[-80.94135478613532,8.112296741907029,0.0],[-80.9414984917712,8.112611351489335,0.0],[-80.9415856907236,8.112862629897869,0.0],[-80.94164908527168,8.113120895238838,0.0],[-80.94167167716455,8.11325195148339,0.0],[-80.94169116301737,8.113432735820263,0.0],[-80.94167911566953,8.113529642151313,0.0],[-80.94166421540471,8.113576251477241,0.0],[-80.94161779318888,8.11366224581844,0.0],[-80.94155169219812,8.113734328970844,0.0],[-80.94142847101992,8.11383404966317,0.0],[-80.94136276439285,8.113921585267182,0.0],[-80.94131881531949,8.11402174427551,0.0],[-80.94130577210558,8.114074927218624,0.0],[-80.94129840752805,8.114183996787581,0.0],[-80.94131619009228,8.11429186692802,0.0],[-80.9413556638496,8.114400929673778,0.0],[-80.94138541474464,8.114519594622697,0.0],[-80.94146219908713,8.115215901943143,0.0],[-80.94149994779765,8.115322400024057,0.0],[-80.94152788253554,8.115371645017055,0.0],[-80.94156137839352,8.115417316929468,0.0],[-80.94164316398323,8.115495510710762,0.0],[-80.9418090881848,8.115600341931184,0.0],[-80.94203550266559,8.115763413904558,0.0],[-80.94214266626392,8.11585275253717,0.0],[-80.94234371541532,8.116046040840976,0.0],[-80.94252558236424,8.116257356730486,0.0],[-80.94268664711474,8.116484817634582,0.0],[-80.9427865065341,8.116658947570816,0.0],[-80.94282225086819,8.116776392105436,0.0],[-80.94283072516205,8.11689882954206,0.0],[-80.94281150092314,8.117020052801102,0.0],[-80.94279175094476,8.117078278612516,0.0],[-80.94273323114032,8.117186266398459,0.0],[-80.94269520491825,8.117234655368318,0.0],[-80.94259219907615,8.117336903833166,0.0],[-80.94248716144459,8.117466681957206,0.0],[-80.9424034664508,8.117611050746847,0.0],[-80.94234311610073,8.117766556022934,0.0],[-80.94232217007084,8.117847329351685,0.0],[-80.94229936116747,8.11801250143146,0.0],[-80.94230238819296,8.118179203146008,0.0],[-80.9423135929767,8.118261879677302,0.0],[-80.94233118003906,8.118343445420406,0.0],[-80.94238361604748,8.1184944231026,0.0],[-80.94246031947031,8.11863471695242,0.0],[-80.94250713907952,8.11869964219736,0.0],[-80.94266877662668,8.118869599132932,0.0],[-80.94275788436532,8.118988855749654,0.0],[-80.94282276595848,8.119122746368475,0.0],[-80.94286108289474,8.119266443994995,0.0],[-80.94287145343289,8.11941476899079,0.0],[-80.94286600210832,8.11948899647992,0.0],[-80.94275924883426,8.120058168476907,0.0],[-80.94272277324117,8.120307868808117,0.0],[-80.94284007836931,8.120730358838003,0.0],[-80.94273586794321,8.120801217464647,0.0],[-80.94175090822345,8.121432507609384,0.0],[-80.9409842639599,8.121906788195767,0.0],[-80.9407502668244,8.122073293530846,0.0],[-80.94054968948508,8.12227977294339,0.0],[-80.94037584967188,8.122492918179292,0.0],[-80.94002147704445,8.122979160973175,0.0],[-80.93991447682342,8.123258930490806,0.0],[-80.93985427244178,8.123525384690534,0.0],[-80.93984088275968,8.123658613804603,0.0],[-80.93984752458458,8.123945062991568,0.0],[-80.93990761112896,8.124471336031426,0.0],[-80.93991426580747,8.124677845651856,0.0],[-80.93989418178626,8.12487102821199,0.0],[-80.93978717500895,8.12519076789449,0.0],[-80.9396801800844,8.125423906889514,0.0],[-80.93951469424543,8.125835995019093,0.0],[-80.9394260569333,8.1260567181086,0.0],[-80.93938922775496,8.126140880036425,0.0],[-80.9378012138242,8.121578791251848,0.0],[-80.93763906735798,8.121313198833999,0.0],[-80.93756230840043,8.121187470055405,0.0],[-80.93742975338714,8.121000835698215,0.0],[-80.93735505358148,8.120913994686337,0.0],[-80.93719023423596,8.12075491962194,0.0],[-80.93710074546411,8.120683295327176,0.0],[-80.9369093151027,8.120557236617715,0.0],[-80.93663503984664,8.120423038456789,0.0],[-80.93656965229546,8.120384224000452,0.0],[-80.93645103787033,8.120289414131344,0.0],[-80.93639882569627,8.120234230261568,0.0],[-80.93631082040156,8.120110662265429,0.0],[-80.9362471314145,8.11997306759038,0.0],[-80.93621396756221,8.11984969811317,0.0],[-80.93619448603918,8.11972994535766,0.0],[-80.93615239532069,8.119597900748845,0.0],[-80.93608638024493,8.119475967053235,0.0],[-80.93599874846858,8.119368405955528,0.0],[-80.93589256111986,8.11927897361408,0.0],[-80.93577152752239,8.119210796723303,0.0],[-80.93563987631936,8.119166254904107,0.0],[-80.93548261053658,8.119137946553934,0.0],[-80.9353087503695,8.119090156935282,0.0],[-80.9351425049249,8.119020473832514,0.0],[-80.93492894575874,8.118895568489705,0.0],[-80.93480446117947,8.118845147069555,0.0]]]]}}]}